Timestamp,Email Address,Nama usaha (UMKM),Lokasi usaha (kecamatan),Pilih kelurahan ,Pilih kelurahan,Pilih kelurahan,Pilih kelurahan,Pilih kelurahan,Pilih Kelurahan,Jenis usaha,Apakah kegiatan usaha (penjualan/pembelian) juga dilakukan secara online?,Usia Usaha,Banyaknya tenaga kerja/karyawan,Omset (penjualan) per bulan,Nama pemilik usaha (dapat berupa inisial/anonim),Usia pemilik usaha,Pendidikan terakhir,No WA yang bisa dihubungi,Koneksi internet di wilayah usaha saya stabil dan cukup cepat,Saya memiliki perangkat (HP/Laptop) yang cukup untuk operasional,"Saya menggunakan aplikasi online/cloud (google drive, dll)",Saya atau karyawan memiliki kemampuan dasar menggunakan teknologi,Kami pernah mengikuti pelatihan digital dalam 1 tahun terakhir,"Saya memahami pemasaran digital (media sosial, marketplace)",Pembukuan usaha sudah dilakukan secara digital,Pengelolaan stok dilakukan dengan bantuan teknologi,Data pelanggan disimpan secara rapi (misalnya Excel/WA),Saya memiliki rencana untuk mengembangkan usaha secara digital,Saya menyisihkan anggaran untuk teknologi/digitalisasi,Saya menggunakan backup data usaha secara rutin,Saya menggunakan perlindungan dasar (password/antivirus),Saya menggunakan data untuk mengambil keputusan usaha,Saya pernah mencoba cara baru berbasis digital untuk usaha,Usaha saya memiliki akun media sosial aktif untuk promosi,Saya menjual produk melalui marketplace/online,Sebagian penjualan berasal dari online,Saya memahami pentingnya sertifikasi halal bagi usaha,Sertifikasi halal meningkatkan kepercayaan konsumen,Saya mengetahui prosedur pengurusan sertifikasi halal,Biaya sertifikasi halal masih menjadi kendala usaha saya,Pemerintah memberikan sosialisasi yang cukup terkait sertifikasi halal,Sertifikasi halal meningkatkan daya saing produk,Saya memiliki kesiapan administrasi untuk sertifikasi halal,Saya membutuhkan pendampingan dalam proses sertifikasi halal,Sertifikasi halal membantu memperluas pasar usaha,Lokasi usaha mempengaruhi akses terhadap layanan sertifikasi halal,Surveyor (referral),foto responden/lokasi usaha responden
6/22/2026 19:34:11,giriwahyuwiriasto@gmail.com,Cv. Indosmarthome Tekno,Sekarbela,,Jempong Baru,,,,,"Jasa, Perdagangan",ya,1-3 tahun,1-5 orang,kurang dari 25 juta,Mr. Hansom,41-50 tahun,Pascasarjana,082266007600,4,4,3,4,1,3,2,2,2,4,4,2,2,3,2,3,4,2,3,3,3,3,3,3,3,3,3,3,,
6/22/2026 20:08:45,febriseqip@gmail.com,Palugada,Mataram,,,,,,Pagutan,Jasa,ya,1-3 tahun,1-5 orang,kurang dari 25 juta,Seqip,21-30 tahun,SMA/MA/SMK,087771888070,4,4,4,3,3,5,5,4,4,5,5,4,3,3,4,3,4,5,5,5,,3,3,4,4,4,5,5,,
6/26/2026 12:00:00,triyono.widigdo@gmail.com,Kopi hari ini,Mataram,,,,,,Pagesangan Barat,Kuliner,ya,1-3 tahun,1-5 orang,kurang dari 25 juta,Triyono Widagdo,41-50 tahun,Sarjana,081909090869,4,4,4,4,2,5,3,4,4,4,4,4,4,4,4,4,4,2,4,4,4,2,2,4,4,2,4,2,,
6/26/2026 12:01:56,nasrintuj@gmail.com,Tri Utami jaya ,Sandubaya,,,,Turida,,,Perdagangan,ya,lebih dari 10 tahun,6-10 orang,lebih dari 1.25 miliar,Nasrin ,lebih dari 50 tahun,Sarjana,085237282002,5,5,5,5,5,5,5,5,5,5,5,5,5,5,5,5,5,5,5,5,5,1,5,5,5,1,5,1,,
6/26/2026 13:01:06,yanuarp55@gmail.com,Fawaz Coffee,Sekarbela,,Jempong Baru,,,,,"Kuliner, Jasa",ya,1-3 tahun,1-5 orang,kurang dari 25 juta,Yanuar Putra,31-40 tahun,Sarjana,085205060418,2,5,5,5,4,3,4,4,2,5,3,3,4,3,3,3,3,1,5,5,5,3,5,5,5,5,5,3,,
6/26/2026 13:01:28,iinrianingsih90@gmail.com,Dapoer Neo's,Selaparang,,,,,Dasan Agung Baru,,Kuliner,ya,4-6 tahun,1-5 orang,kurang dari 25 juta,Iin Rianingsih,41-50 tahun,Diploma,085338222535,5,5,5,5,5,5,4,4,4,5,5,4,5,4,4,5,5,5,5,5,5,1,5,5,5,5,5,2,,
6/26/2026 13:03:11,dewimaska@gmail.com,Dapur Maska ,Cakranegara,,,Sayang-Sayang,,,,Kuliner,ya,1-3 tahun,1-5 orang,kurang dari 25 juta,Dewi Anggriani ,31-40 tahun,Sarjana,082340583861,5,5,5,5,5,5,5,5,5,5,5,4,5,5,5,5,5,5,5,5,5,5,5,5,5,5,5,5,,
6/26/2026 13:03:15,lindarovilsam05@gmail.com,Bale linda jelly,Selaparang,,,,,Mataram Barat,,Kuliner,ya,1-3 tahun,1-5 orang,kurang dari 25 juta,Linda,31-40 tahun,Diploma,085935019295,4,4,3,5,4,4,5,3,3,4,3,3,3,4,4,4,5,3,5,5,5,3,4,5,4,3,5,3,,
6/26/2026 13:04:36,enjangsetadarmas@gmail.com,DREI G EATERY,Sekarbela,,Jempong Baru,,,,,Kuliner,ya,1-3 tahun,1-5 orang,kurang dari 25 juta,DE,31-40 tahun,Diploma,087864725784,4,5,4,4,4,4,4,4,4,5,4,5,5,4,4,4,5,5,5,5,5,2,4,5,5,5,5,5,,
6/26/2026 13:05:23,ati391937@gmail.com,Butun indah,Sandubaya,,,,Mandalika,,,"Fashion, Kerajinan, Jasa",tidak,4-6 tahun,1-5 orang,kurang dari 25 juta,Kajol,31-40 tahun,SD/MI,087750494706,4,4,4,4,4,4,4,4,4,4,4,4,4,4,4,4,4,4,4,4,4,4,4,4,4,4,4,4,,
6/26/2026 13:16:31,adejannah13@gmail.com,Dapur firdaus,Selaparang,,,,,Monjok Timur,,Kuliner,ya,4-6 tahun,1-5 orang,kurang dari 25 juta,RA,21-30 tahun,SMA/MA/SMK,081353636744,4,4,4,4,3,4,3,3,3,4,4,3,3,4,4,5,5,4,4,4,3,5,2,3,4,5,4,4,,
6/26/2026 13:33:31,fitriahriswa@gmail.com,Uma Pangaha ,Selaparang,,,,,Rembiga,,Kuliner,ya,1-3 tahun,1-5 orang,kurang dari 25 juta,Fitriah,41-50 tahun,Sarjana,087865753702,5,5,5,5,5,5,4,4,4,5,4,4,4,4,4,5,5,5,5,5,5,1,4,5,5,4,5,1,,
6/26/2026 13:49:23,dianwahyandariayundria@gmail.com,Resep Eyang Uti,Sekarbela,,Jempong Baru,,,,,Kuliner,ya,1-3 tahun,1-5 orang,kurang dari 25 juta,Ayu Dian,41-50 tahun,Sarjana,081294507440,4,4,4,5,1,4,1,2,3,4,4,1,1,3,1,4,4,3,5,5,5,1,5,5,5,3,5,3,,
6/26/2026 14:04:09,ernawatiadi74@gmail.com,BMN,Sekarbela,,Kekalik Jaya,,,,,Kuliner,ya,7-10 tahun,1-5 orang,kurang dari 25 juta,Wati,lebih dari 50 tahun,Sarjana,082340384738,4,4,4,4,2,4,3,4,3,5,3,4,4,5,3,3,4,4,5,5,5,3,5,3,5,5,5,4,,
6/26/2026 14:22:09,herniherni0326@gmail.com,Herni Hasna sari,Selaparang,,,,,Monjok Barat,,Kuliner,ya,7-10 tahun,1-5 orang,kurang dari 25 juta,Herni Hasna sari,31-40 tahun,SMA/MA/SMK,087858941777,3,3,3,2,5,5,5,5,5,5,5,5,5,5,5,5,5,5,5,5,5,5,5,5,5,5,5,5,,
6/26/2026 14:38:45,indahrach.mss@gmail.com,Suka_Kangen,Selaparang,,,,,Rembiga,,Kuliner,ya,1-3 tahun,1-5 orang,kurang dari 25 juta,Indah Rachmaini Putri,31-40 tahun,SMA/MA/SMK,085220166263,4,4,5,4,4,4,4,4,4,5,4,4,5,5,4,4,4,5,5,5,5,3,4,4,5,5,5,4,,
6/26/2026 15:12:56,jumainimeta@gmail.com,Mamita Kitchen ,Ampenan,Pejeruk,,,,,,Kuliner,ya,1-3 tahun,1-5 orang,kurang dari 25 juta,Eni Meta ,lebih dari 50 tahun,SMA/MA/SMK,0818546744,3,4,4,4,4,4,2,2,2,4,2,2,4,4,2,3,3,2,5,5,4,2,4,4,4,4,4,2,,
6/26/2026 15:27:35,windufarum@gmail.com,Maggot Ugotin ,Mataram,,,,,,Pagesangan,Jasa,ya,1-3 tahun,1-5 orang,kurang dari 25 juta,WFA,21-30 tahun,Sarjana,081959380170,5,5,5,5,4,4,4,4,3,5,4,3,3,3,3,3,3,3,3,3,3,3,3,3,3,3,5,5,,
6/26/2026 15:38:05,dainipariyami09@gmail.com,Hanun Kitchen,Sekarbela,,Kekalik Jaya,,,,,Kuliner,ya,1-3 tahun,1-5 orang,kurang dari 25 juta,D,lebih dari 50 tahun,Sarjana,081999140964,4,4,4,3,1,2,1,2,4,5,4,4,2,3,2,2,3,4,5,5,4,5,3,5,4,4,4,4,,
6/26/2026 16:15:24,dwianaputrani69@gmail.com,AKIKUKI,Ampenan,Dayan Peken,,,,,,Kuliner,ya,7-10 tahun,1-5 orang,kurang dari 25 juta,Dwiana Putriani,41-50 tahun,Sarjana,08123707434,4,4,4,4,4,3,4,4,4,5,4,4,4,4,4,4,3,4,5,5,4,4,4,4,4,5,5,4,,
6/26/2026 19:05:08,sostelbts@gmail.com,SOSTEL BTS ,Mataram,,,,,,Pagutan Barat,Kuliner,ya,1-3 tahun,1-5 orang,kurang dari 25 juta,Nurlaila ,31-40 tahun,SMA/MA/SMK,087864326172,3,4,3,4,4,4,3,4,4,4,3,3,3,3,3,3,3,3,5,5,4,4,4,5,4,4,5,4,,
6/27/2026 0:41:20,aisyahandriani61@gmail.com,Begawe,Sekarbela,,Kekalik Jaya,,,,,Kerajinan,ya,1-3 tahun,1-5 orang,kurang dari 25 juta,Aisyah andriani,lebih dari 50 tahun,SMA/MA/SMK,082359361850,3,3,4,4,3,4,4,3,3,3,3,3,4,3,4,4,4,4,3,4,3,4,3,3,3,3,3,3,,
6/27/2026 12:22:20,srisuyanti2703@gmail.com,Famsy by Ummu Syifa,Ampenan,Taman Sari,,,,,,Kuliner,ya,4-6 tahun,1-5 orang,kurang dari 25 juta,Sri Suyanti,lebih dari 50 tahun,SMP/MTs,087865911594,3,4,3,3,1,2,1,1,1,4,3,3,3,2,3,3,2,2,4,4,3,2,4,4,4,5,4,4,,
6/28/2026 11:50:59,srimariatun41@gmail.com,Geprek fatihir,Selaparang,,,,,Monjok Barat,,Perdagangan,tidak,kurang dari 1 tahun,1-5 orang,kurang dari 25 juta,Sri mariatun,31-40 tahun,SMP/MTs,087763376228,5,5,1,1,5,1,1,1,5,5,5,5,1,5,5,5,5,5,5,5,5,5,5,5,5,5,5,5,,
6/30/2026 12:40:32,hjnisa2025@gmail.com,kedaiannisa,Mataram,,,,,,Pagutan,Kuliner,ya,kurang dari 1 tahun,1-5 orang,kurang dari 25 juta,𝘩𝘫. 𝘯𝘪𝘴𝘢,41-50 tahun,Sarjana,085921462199,4,4,4,4,4,4,4,4,4,4,4,4,4,4,4,4,4,4,4,4,4,4,4,4,4,4,4,4,,
7/7/2026 11:16:57,ayuresturmdn@gmail.com,ShaShi Store,Cakranegara,,,Cakra Barat,,,,Perdagangan,ya,4-6 tahun,1-5 orang,kurang dari 25 juta,Ayumi,21-30 tahun,Sarjana,082339539839,4,4,3,4,1,4,4,4,5,3,4,4,4,3,3,4,4,4,4,4,3,3,3,4,2,3,4,3,,
7/7/2026 11:21:24,zia.smala@gmail.com,Dian Pratama Printing ,Selaparang,,,,,Monjok Barat,,Jasa,ya,7-10 tahun,1-5 orang,kurang dari 25 juta,Zia,31-40 tahun,Pascasarjana,082340182950,5,5,5,3,3,5,4,4,4,4,4,4,4,4,4,4,5,4,5,5,5,4,4,5,4,4,4,5,,
7/7/2026 11:30:34,emha.zainul@gmail.com,Anonim,Mataram,,,,,,Pagesangan,Jasa,tidak,1-3 tahun,1-5 orang,kurang dari 160 juta,Anonim,kurang dari 20 tahun,Pascasarjana,08980224424,5,5,5,5,1,3,3,3,3,3,3,3,3,3,3,3,3,3,3,3,4,3,3,3,3,3,3,3,,
7/7/2026 11:42:44,prabintang0606@gmail.com,Warung Mie Ayam,Cakranegara,,,Mayura,,,,Kuliner,tidak,1-3 tahun,1-5 orang,kurang dari 25 juta,Caca,21-30 tahun,SMA/MA/SMK,083129126743,4,4,1,4,5,5,5,5,5,5,4,4,4,4,3,4,4,4,4,5,5,4,4,4,4,4,5,5,,
7/7/2026 12:29:37,faqihazkal05@gmail.com,Balevintage,Mataram,,,,,,Pejanggik,Fashion,ya,1-3 tahun,1-5 orang,kurang dari 160 juta,Azkal,21-30 tahun,Sarjana,081917365978,4,5,5,5,4,5,4,3,5,4,4,4,4,5,5,5,4,4,4,3,3,3,3,3,3,3,3,3,,
7/7/2026 12:49:34,enurlaila797@gmail.com,Eka katering,Sekarbela,,Tanjung Karang,,,,,Kuliner,ya,4-6 tahun,1-5 orang,kurang dari 25 juta,Nurlaila,lebih dari 50 tahun,Sarjana,081907468692,4,4,3,4,2,3,3,3,4,4,4,4,4,4,4,3,3,3,4,4,4,4,3,4,4,4,3,4,,
7/7/2026 13:06:44,quinzi.id@gmail.com,bilik dapur,Ampenan,Ampenan Selatan,,,,,,Kuliner,ya,kurang dari 1 tahun,1-5 orang,kurang dari 25 juta,-,31-40 tahun,Pascasarjana,085333319963,4,4,4,4,3,4,4,4,4,4,4,4,4,4,4,4,4,4,4,4,4,4,4,4,4,4,4,4,,
7/7/2026 13:14:29,quinzi.id@gmail.com,sewa baju adat,Sekarbela,,Kekalik Jaya,,,,,Fashion,ya,4-6 tahun,1-5 orang,kurang dari 25 juta,Rita,lebih dari 50 tahun,Sarjana,08523719947,4,4,4,4,4,4,4,4,4,4,4,4,4,4,4,4,4,4,4,4,4,4,4,4,4,4,4,4,,
7/7/2026 14:03:58,syifa.fathan14@gmail.com,EC,Ampenan,Ampenan Selatan,,,,,,Kuliner,tidak,lebih dari 10 tahun,1-5 orang,kurang dari 25 juta,Aji,31-40 tahun,Sarjana,081917488886,3,4,3,3,1,3,3,3,3,3,3,3,3,4,3,3,1,1,3,3,3,5,3,3,3,3,3,3,,
7/7/2026 15:01:43,merpatidaun@gmail.com,Anonim,Sekarbela,,Jempong Baru,,,,,Kuliner,ya,1-3 tahun,1-5 orang,kurang dari 25 juta,Anonim,21-30 tahun,SMA/MA/SMK,083832255792,4,4,4,4,4,4,4,4,4,4,4,4,4,4,4,4,4,4,4,4,4,4,4,4,4,4,4,4,,
7/7/2026 15:20:43,sulaimansarah1976@gmail.com,Abang Nada Cake & Cookies ,Ampenan,Ampenan Selatan,,,,,,Kuliner,ya,4-6 tahun,1-5 orang,kurang dari 25 juta,Sarah Sulaiman,41-50 tahun,Sarjana,081917949056,4,4,4,4,3,3,3,3,4,4,4,4,3,4,3,4,4,4,4,4,4,4,4,4,4,4,5,4,,
7/8/2026 15:57:12,febriyandy46@gmail.com,KMM,Selaparang,,,,,Dasan Agung Baru,,Fashion,ya,4-6 tahun,1-5 orang,kurang dari 25 juta,Febriyandy,31-40 tahun,Sarjana,087864001223,4,4,5,4,5,5,2,5,5,5,4,4,4,4,4,5,5,4,5,5,5,3,4,5,3,4,4,5,,
7/8/2026 18:56:11,kaylamahdia@gmail.com,Dimdimsome,Mataram,,,,,,Pagutan Barat,Kuliner,ya,1-3 tahun,1-5 orang,kurang dari 25 juta,Kayla,21-30 tahun,SMA/MA/SMK,087755158415,5,5,3,4,2,3,2,2,3,3,4,3,3,4,2,4,4,4,4,4,2,2,2,3,4,4,4,4,,
7/15/2026 10:42:30,faizahiriani69@gmail.com,Es kopi,Cakranegara,,,Cakra Barat,,,,Kuliner,tidak,4-6 tahun,1-5 orang,kurang dari 25 juta,J,31-40 tahun,SMA/MA/SMK,087748030483,5,5,3,4,5,5,2,2,1,5,5,2,1,4,3,5,4,4,5,5,2,1,2,4,1,5,5,3,,
7/15/2026 11:09:12,any.tsalasatul@uinmataram.ac.id,Cilok berkah bunda ,Cakranegara,,,Cakra Barat,,,,Kuliner,tidak,kurang dari 1 tahun,1-5 orang,kurang dari 25 juta,Bedul,31-40 tahun,SMA/MA/SMK,087845660585,5,1,1,1,1,5,1,1,1,3,1,1,1,3,3,1,1,1,5,5,3,3,3,5,2,4,5,4,,
7/15/2026 14:59:10,nisaawwalunnisa@gmail.com,Rumah cuci,Sekarbela,,Kekalik Jaya,,,,,Jasa,tidak,4-6 tahun,6-10 orang,kurang dari 25 juta,AS,31-40 tahun,Sarjana,081238426893,4,4,4,4,4,4,3,4,3,4,4,4,4,4,4,4,4,4,4,4,4,4,4,4,4,4,4,4,,
7/16/2026 13:47:43,opianik21@gmail.com,Surya jaya,Mataram,,,,,,Pagutan Barat,"Kuliner, Perdagangan",ya,kurang dari 1 tahun,1-5 orang,kurang dari 25 juta,Sopi,kurang dari 20 tahun,SMA/MA/SMK,085961553273,4,5,5,5,3,5,1,1,1,5,2,1,1,3,4,5,4,5,5,5,2,2,3,1,4,5,4,4,Rolly,
7/16/2026 20:38:44,opianik21@gmail.com,Dimsum Dafiyah food,Mataram,,,,,,Pagutan Barat,Kuliner,ya,1-3 tahun,1-5 orang,kurang dari 25 juta,Alifia,21-30 tahun,Sarjana,08970559823,4,5,5,5,1,3,5,3,1,3,3,1,1,1,4,4,5,5,4,4,3,3,5,5,3,3,5,5,Sopiani,
7/16/2026 21:51:16,opianik21@gmail.com,Es Teh,Mataram,,,,,,Pagutan Barat,Kuliner,ya,lebih dari 10 tahun,1-5 orang,kurang dari 25 juta,Nanda,kurang dari 20 tahun,SMP/MTs,085954143498,5,5,5,4,1,4,1,1,1,4,1,1,1,1,3,3,5,4,5,5,2,1,3,5,2,5,5,5,Sopiani ,
7/16/2026 21:57:46,opianik21@gmail.com,Es Kelapa Muda,Mataram,,,,,,Pagutan Barat,Kuliner,tidak,lebih dari 10 tahun,1-5 orang,kurang dari 25 juta,Tohri,21-30 tahun,SMA/MA/SMK,087866745890,4,4,1,1,1,1,1,1,1,1,1,1,1,1,1,1,1,1,1,4,4,3,1,3,1,2,5,5,Sopiani ,
7/16/2026 22:02:24,opianik21@gmail.com,Foto copy,Mataram,,,,,,Pagutan Barat,Perdagangan,tidak,4-6 tahun,1-5 orang,kurang dari 25 juta,Ubu yani,31-40 tahun,Sarjana,082359098557,5,5,2,2,1,1,1,1,1,1,1,1,1,1,1,1,1,1,5,5,5,5,5,5,5,5,5,5,Sopiani ,
7/16/2026 22:06:05,opianik21@gmail.com,Toko Kavalina,Mataram,,,,,,Pagutan Barat,Perdagangan,tidak,7-10 tahun,1-5 orang,kurang dari 25 juta,Ibu Made,31-40 tahun,SMA/MA/SMK,085338426081,4,4,1,1,1,1,1,1,1,1,1,1,1,1,1,1,1,1,4,4,4,4,3,4,4,4,4,5,Sopiani ,
7/16/2026 22:09:18,opianik21@gmail.com,Mie Ayam,Mataram,,,,,,Pagutan Barat,Kuliner,tidak,4-6 tahun,1-5 orang,kurang dari 25 juta,Yanto,21-30 tahun,SMA/MA/SMK,0823379874563,4,4,1,1,1,1,1,1,1,1,1,1,1,1,1,1,1,1,3,3,1,1,4,4,2,3,5,5,Sopiani ,
7/16/2026 22:13:00,opianik21@gmail.com,Toko Tas Import,Mataram,,,,,,Pagutan Barat,Fashion,ya,4-6 tahun,1-5 orang,kurang dari 25 juta,Vera,21-30 tahun,Sarjana,082145484340,5,5,5,5,1,4,1,1,1,4,4,4,4,1,1,4,4,4,4,4,5,5,5,5,5,5,5,4,Sopiani ,
7/16/2026 22:31:34,opianik21@gmail.com,Air Isi Ulang Al Kausar ,Mataram,,,,,,Pagutan Barat,Jasa,tidak,7-10 tahun,1-5 orang,kurang dari 25 juta,Bapak Ario,21-30 tahun,SMA/MA/SMK,08811617555,5,5,1,1,1,1,1,1,1,3,3,1,1,3,1,1,1,1,3,2,2,2,1,3,3,4,4,3,Sopiani ,
7/16/2026 22:34:53,opianik21@gmail.com,Lombok Game Shop,Mataram,,,,,,Pagutan Barat,Perdagangan,tidak,4-6 tahun,1-5 orang,kurang dari 25 juta,Gede,21-30 tahun,SMA/MA/SMK,0818033638577,5,5,1,1,1,1,2,2,2,2,2,2,2,2,2,1,1,1,2,2,2,2,2,2,2,2,2,2,Sopiani ,
7/16/2026 22:39:24,opianik21@gmail.com,Laoundry Berkah Ananta,Mataram,,,,,,Pagutan Barat,Jasa,tidak,kurang dari 1 tahun,1-5 orang,kurang dari 25 juta,Afni,21-30 tahun,Sarjana,081994564238,5,5,1,1,1,1,2,2,1,2,2,1,1,1,1,1,1,1,1,1,1,1,1,1,1,1,1,1,Sopiani ,
7/16/2026 23:11:38,rollyiyan222@gmail.com,Telur Gulung,Sekarbela,,Jempong Baru,,,,,Kuliner,tidak,lebih dari 10 tahun,1-5 orang,kurang dari 25 juta,Ardi,31-40 tahun,SD/MI,087754722262,5,5,5,4,1,4,1,1,2,5,5,2,5,5,3,4,1,4,5,5,5,3,5,5,5,5,5,5,Rolly Napian,
7/16/2026 23:22:43,rollyiyan222@gmail.com,Sari Tebu,Mataram,,,,,,Pagutan Barat,Kuliner,tidak,7-10 tahun,1-5 orang,kurang dari 25 juta,Sapriadi,31-40 tahun,SD/MI,087896568122,5,5,1,1,1,1,1,1,1,5,5,1,2,1,2,1,1,1,5,5,3,3,3,4,2,4,4,4,Rolly Napian ,
7/16/2026 23:44:28,rollyiyan222@gmail.com,Jagung Kacang,Sekarbela,,Jempong Baru,,,,,Kuliner,tidak,7-10 tahun,1-5 orang,kurang dari 25 juta,Hafidin,41-50 tahun,SD/MI,087757301300,5,1,5,5,1,1,1,1,1,3,3,1,1,1,1,1,1,1,5,5,5,5,4,5,4,5,5,4,Rolly Napian ,
7/17/2026 7:09:46,rollyiyan222@gmail.com,Rujak Pade Mele,Sekarbela,,Jempong Baru,,,,,Kuliner,tidak,lebih dari 10 tahun,1-5 orang,kurang dari 25 juta,Rahman,31-40 tahun,SD/MI,08537982337,5,4,1,1,1,1,1,1,1,4,4,2,1,1,1,1,1,1,5,5,1,5,5,5,1,5,5,5,Rolly Napian ,
7/17/2026 7:17:08,rollyiyan222@gmail.com,Rujak Sar,Sekarbela,,Jempong Baru,,,,,Kuliner,tidak,lebih dari 10 tahun,1-5 orang,kurang dari 25 juta,Sarijah,31-40 tahun,SD/MI,081552963238,5,5,1,1,1,1,1,1,1,1,1,1,1,1,1,1,1,1,5,5,1,5,5,5,1,5,5,5,Rolly Napian ,
7/17/2026 7:20:40,rollyiyan222@gmail.com,Tahu Tek Tek ,Sekarbela,,Jempong Baru,,,,,Kuliner,tidak,7-10 tahun,1-5 orang,kurang dari 25 juta,Iman,31-40 tahun,SMP/MTs,081930678374,5,5,1,1,1,1,1,1,1,1,1,1,1,1,1,1,1,1,5,5,1,5,5,5,1,5,5,5,Rolly Napian ,
7/17/2026 7:24:52,rollyiyan222@gmail.com,Rujak,Sekarbela,,Jempong Baru,,,,,Kuliner,tidak,lebih dari 10 tahun,1-5 orang,kurang dari 25 juta,Sahli,41-50 tahun,SD/MI,081993404170,5,5,1,1,1,1,1,1,1,1,1,1,1,1,1,1,1,1,5,5,1,5,5,5,1,5,5,5,Rolly Napian ,
7/17/2026 7:29:57,rollyiyan222@gmail.com,Tahu Tek Tek merah putih,Sekarbela,,Jempong Baru,,,,,Kuliner,ya,4-6 tahun,1-5 orang,kurang dari 25 juta,Amin,31-40 tahun,SD/MI,087841700060,5,5,1,3,1,3,3,3,1,4,4,2,2,2,4,4,5,3,5,5,3,2,5,5,3,5,5,5,Rolly Napian ,
7/17/2026 7:35:28,rollyiyan222@gmail.com,Today Coffe,Sekarbela,,Jempong Baru,,,,,Kuliner,ya,kurang dari 1 tahun,1-5 orang,kurang dari 25 juta,Bayu,21-30 tahun,SMA/MA/SMK,085337863867,5,5,5,5,2,5,5,4,1,5,5,3,3,3,5,5,5,5,5,5,5,3,5,5,5,5,5,5,Rolly Napian ,
7/17/2026 7:39:53,rollyiyan222@gmail.com,Mao Kopi,Sekarbela,,Jempong Baru,,,,,Kuliner,ya,kurang dari 1 tahun,1-5 orang,kurang dari 25 juta,Nizar,21-30 tahun,Pascasarjana,081238757421,5,5,5,5,4,5,4,4,2,5,5,4,3,4,5,5,5,5,5,5,5,2,5,5,5,5,5,5,Rolly Napian ,
7/17/2026 11:18:12,opianik21@gmail.com,Koboy Keliling,Sekarbela,,Jempong Baru,,,,,Kuliner,ya,kurang dari 1 tahun,1-5 orang,kurang dari 25 juta,Arga,21-30 tahun,Sarjana,082227419021,5,5,5,3,1,3,3,1,1,4,3,1,1,1,2,5,5,3,4,5,3,3,3,5,4,4,5,3,Sopiani ,
7/17/2026 11:43:20,opianik21@gmail.com,Kopi Kita,Sekarbela,,Jempong Baru,,,,,Kuliner,ya,1-3 tahun,1-5 orang,kurang dari 25 juta,Eko,21-30 tahun,SMA/MA/SMK,085702604806,5,5,5,2,1,4,2,1,1,3,3,1,1,1,2,4,5,5,3,4,4,4,5,5,5,5,5,5,Sopiani ,
7/17/2026 11:46:30,opianik21@gmail.com,Bakso Bakar ,Sekarbela,,Jempong Baru,,,,,Kuliner,tidak,7-10 tahun,1-5 orang,kurang dari 25 juta,Ibu minah,31-40 tahun,SD/MI,085945651087,5,5,2,2,1,1,1,1,1,1,1,1,1,1,1,4,4,4,4,4,4,4,4,4,4,4,4,4,Sopiani ,
7/17/2026 11:50:26,opianik21@gmail.com,Telur Gulung ,Sekarbela,,Jempong Baru,,,,,Kuliner,tidak,lebih dari 10 tahun,1-5 orang,kurang dari 25 juta,Zohri,21-30 tahun,SD/MI,085667453267,1,1,1,1,1,1,1,1,1,1,1,1,1,1,1,1,1,1,1,1,1,1,1,1,1,1,1,1,Sopiani ,
7/17/2026 11:53:57,opianik21@gmail.com,Bakso Bakar Terpanjang,Sekarbela,,Jempong Baru,,,,,Kuliner,tidak,4-6 tahun,1-5 orang,kurang dari 25 juta,Nurhasanah ,21-30 tahun,Sarjana,083863881782,4,4,5,3,1,2,1,1,1,1,1,1,1,1,1,1,1,1,2,3,3,3,3,3,3,3,3,3,Sopiani ,
7/17/2026 11:58:43,opianik21@gmail.com,Es Susu Kurma Faruq ,Sekarbela,,Jempong Baru,,,,,Kuliner,tidak,kurang dari 1 tahun,1-5 orang,kurang dari 25 juta,Rival,21-30 tahun,Sarjana,087824556500,4,4,2,1,1,1,1,1,1,1,1,1,1,1,3,3,3,1,4,4,4,4,4,4,4,4,4,4,Sopiani ,
7/17/2026 12:02:08,opianik21@gmail.com,Jasuke,Sekarbela,,Jempong Baru,,,,,Kuliner,tidak,1-3 tahun,1-5 orang,kurang dari 25 juta,Iman,21-30 tahun,SMA/MA/SMK,085861453277,3,3,1,1,1,1,2,1,1,3,3,3,1,2,1,1,1,1,3,3,4,3,3,2,3,2,3,3,Sopiani ,
7/17/2026 12:05:24,opianik21@gmail.com,Fresh Boba,Sekarbela,,Jempong Baru,,,,,Kuliner,tidak,kurang dari 1 tahun,1-5 orang,kurang dari 25 juta,Bilal,21-30 tahun,SMA/MA/SMK,081529709190,3,3,1,1,1,1,1,1,1,3,3,1,1,1,3,1,1,1,3,3,3,3,3,3,3,3,3,3,Sopiani ,
7/17/2026 12:10:03,opianik21@gmail.com,Coto Makasar,Sekarbela,,Jempong Baru,,,,,Kuliner,tidak,7-10 tahun,1-5 orang,kurang dari 25 juta,Sarimah,21-30 tahun,SMA/MA/SMK,081663456273,4,4,1,1,1,1,1,1,1,3,3,1,1,1,1,1,1,1,3,3,3,3,3,3,3,3,3,3,Sopiani ,
7/17/2026 12:13:19,opianik21@gmail.com,Cilok Bakso ,Sekarbela,,Jempong Baru,,,,,Kuliner,tidak,7-10 tahun,1-5 orang,kurang dari 25 juta,Mansur S,31-40 tahun,SMA/MA/SMK,087716603381,5,5,1,1,1,1,1,1,1,3,3,1,1,1,1,1,1,1,3,3,3,3,3,3,3,3,3,3,Sopiani ,
7/17/2026 12:16:09,opianik21@gmail.com,Kenyoo. Lombok,Sekarbela,,Jempong Baru,,,,,Kuliner,ya,kurang dari 1 tahun,1-5 orang,kurang dari 25 juta,Budi,31-40 tahun,SMA/MA/SMK,085828582070,5,5,1,1,1,3,3,2,2,4,5,4,4,3,5,4,4,4,5,5,4,4,4,4,4,4,4,4,Sopiani ,
7/17/2026 12:18:52,opianik21@gmail.com,Bakso dan Sosis Bakar Family,Sekarbela,,Jempong Baru,,,,,Kuliner,tidak,1-3 tahun,1-5 orang,kurang dari 25 juta,Fahrul Azmi ,21-30 tahun,SMA/MA/SMK,081809724326,5,4,1,1,1,1,1,1,1,2,2,1,1,1,3,2,2,2,2,2,2,2,2,2,2,2,3,2,Sopiani ,
7/17/2026 12:21:31,opianik21@gmail.com,Telor Congkel ,Sekarbela,,Jempong Baru,,,,,Kuliner,tidak,4-6 tahun,1-5 orang,kurang dari 25 juta,Ida,21-30 tahun,SMA/MA/SMK,085961335386,3,3,1,1,1,1,1,1,1,1,2,2,2,1,1,1,1,1,4,4,4,4,4,4,4,4,4,4,Sopiani ,
7/17/2026 12:23:57,opianik21@gmail.com,Kentang Stik,Sekarbela,,Jempong Baru,,,,,Kuliner,tidak,7-10 tahun,1-5 orang,kurang dari 25 juta,Jayadi,31-40 tahun,SD/MI,081910276761,3,2,1,1,1,1,1,1,1,2,2,2,2,2,2,2,2,2,2,2,3,3,3,3,4,3,4,4,Sopiani ,
7/17/2026 13:32:19,paradisasukma@unram.ac.id,Setia Kopi,Mataram,,,,,,Pejanggik,Kuliner,ya,1-3 tahun,6-10 orang,kurang dari 25 juta,IPFA,31-40 tahun,Pascasarjana,087865329328,4,4,5,4,3,5,5,2,1,5,5,5,2,5,3,5,5,4,5,5,4,3,3,5,5,5,5,5,,
7/17/2026 18:17:37,nurarita21@gmail.com,Beebuah,Mataram,,,,,,Pagesangan,Kuliner,ya,kurang dari 1 tahun,6-10 orang,kurang dari 25 juta,Anonim,21-30 tahun,Sarjana,087776855858,3,4,2,4,3,4,3,4,4,3,3,3,3,3,3,3,3,4,4,4,4,4,4,4,3,3,3,3,,
7/17/2026 22:57:08,rollyiyan222@gmail.com,D'pota chiz Korean bread ,Sekarbela,,Kekalik Jaya,,,,,Kuliner,ya,1-3 tahun,1-5 orang,kurang dari 25 juta,Dian,31-40 tahun,Sarjana,082341880753,5,5,1,4,2,3,4,3,1,4,3,3,2,3,4,5,5,5,5,5,5,5,5,5,5,3,5,5,Rolly Napian ,
7/17/2026 23:05:56,rollyiyan222@gmail.com,BIGBOSS REBORN,Sekarbela,,Kekalik Jaya,,,,,Kuliner,ya,7-10 tahun,1-5 orang,kurang dari 25 juta,Huda,31-40 tahun,SMA/MA/SMK,087763419049,5,5,3,4,1,3,4,2,1,4,2,2,2,2,4,5,5,5,5,5,5,2,5,5,5,4,5,5,Rolly Napian ,
7/17/2026 23:15:33,rollyiyan222@gmail.com,Cilok Daging,Sekarbela,,Kekalik Jaya,,,,,Kuliner,ya,4-6 tahun,1-5 orang,kurang dari 25 juta,Kiki,31-40 tahun,Sarjana,081999922927,5,5,2,4,1,4,5,3,1,5,4,2,2,2,4,5,5,4,5,5,1,2,5,5,5,5,5,5,Rolly Napian ,
7/17/2026 23:28:37,rollyiyan222@gmail.com,Pancong lumer,Sekarbela,,Kekalik Jaya,,,,,Kuliner,ya,1-3 tahun,1-5 orang,kurang dari 25 juta,Andi,21-30 tahun,Sarjana,082144185908,5,5,2,4,1,4,3,3,1,5,3,4,2,2,4,5,4,4,5,5,3,3,5,5,5,4,5,5,Rolly Napian,
7/17/2026 23:35:43,rollyiyan222@gmail.com,Wedangan joyo,Sekarbela,,Kekalik Jaya,,,,,Kuliner,ya,1-3 tahun,1-5 orang,kurang dari 25 juta,Adit,21-30 tahun,Pascasarjana,087834232482,5,5,2,4,1,4,4,3,1,5,4,3,5,2,4,4,5,5,5,5,3,3,5,5,3,5,5,5,Rolly Napian,
7/18/2026 1:44:11,rollyiyan222@gmail.com,Es Kelapa Muda ,Sekarbela,,Kekalik Jaya,,,,,Kuliner,tidak,7-10 tahun,1-5 orang,kurang dari 25 juta,Munawir,31-40 tahun,SMA/MA/SMK,087862615844,5,5,1,2,1,2,1,1,1,3,2,1,1,1,1,1,1,1,3,4,2,4,5,4,2,5,5,5,Rolly Napian ,
7/18/2026 1:58:19,rollyiyan222@gmail.com,Warkop ODD,Sekarbela,,Kekalik Jaya,,,,,Kuliner,tidak,1-3 tahun,1-5 orang,kurang dari 25 juta,Anto,31-40 tahun,SD/MI,087849714748,5,5,1,2,1,2,1,1,1,2,2,1,1,1,3,1,1,1,4,4,2,3,5,5,2,5,5,5,Rolly Napian,
7/18/2026 2:04:11,rollyiyan222@gmail.com,Raja geprek,Sekarbela,,Kekalik Jaya,,,,,Kuliner,tidak,4-6 tahun,1-5 orang,kurang dari 25 juta,Alis,31-40 tahun,Sarjana,087783874700,5,5,1,2,1,2,1,1,1,2,3,1,1,1,1,1,1,1,3,3,2,3,5,4,2,5,5,5,Rolly Napian,
7/18/2026 2:11:43,rollyiyan222@gmail.com,Kebab mas bay,Sekarbela,,Kekalik Jaya,,,,,Kuliner,tidak,7-10 tahun,1-5 orang,kurang dari 25 juta,Bayu,21-30 tahun,Sarjana,087783874700,5,5,1,4,1,4,1,1,1,3,2,1,1,1,1,5,1,1,5,5,5,4,5,5,5,3,5,5,Rolly Napian,
7/18/2026 2:17:25,rollyiyan222@gmail.com,Kopi inspirasi,Sekarbela,,Kekalik Jaya,,,,,Kuliner,tidak,7-10 tahun,1-5 orang,kurang dari 25 juta,Iwan,21-30 tahun,Diploma,082340592486,5,5,1,4,1,4,1,1,1,3,2,1,1,1,1,4,1,1,5,5,4,4,5,5,5,3,5,5,Rolly Napian,
7/18/2026 2:23:07,rollyiyan222@gmail.com,Roti bakar bandung,Sekarbela,,Kekalik Jaya,,,,,Kuliner,tidak,7-10 tahun,1-5 orang,kurang dari 25 juta,Dani,21-30 tahun,Sarjana,089510648358,5,5,4,4,1,4,1,1,1,3,2,1,1,1,1,3,1,1,4,5,3,3,5,5,5,4,5,5,Rolly Napian,
7/18/2026 2:30:08,rollyiyan222@gmail.com,Fortex Aksesoris ,Sekarbela,,Kekalik Jaya,,,,,Fashion,tidak,1-3 tahun,1-5 orang,kurang dari 25 juta,Jaya,31-40 tahun,Sarjana,085353809990,5,5,2,2,1,4,1,1,1,3,2,1,1,1,1,2,1,1,4,4,3,1,5,5,1,5,5,5,Rolly Napian,
7/18/2026 2:34:17,rollyiyan222@gmail.com,Sate madura,Sekarbela,,Kekalik Jaya,,,,,Kuliner,tidak,lebih dari 10 tahun,1-5 orang,kurang dari 25 juta,H. Usman,41-50 tahun,SMA/MA/SMK,081337809580,5,5,1,2,1,2,1,1,1,1,1,1,1,1,1,2,1,1,3,5,2,3,5,5,1,5,5,5,Rolly Napian,
7/18/2026 13:39:25,rollyiyan222@gmail.com,Bakaran mas tresno,Sekarbela,,Kekalik Jaya,,,,,Kuliner,tidak,kurang dari 1 tahun,1-5 orang,kurang dari 25 juta,Tresno Widodo ,31-40 tahun,Sarjana,087790512553,5,5,1,3,2,3,1,1,1,4,3,1,1,1,2,1,1,1,5,5,3,4,5,4,4,3,5,5,Rolly Napian,
7/18/2026 13:46:40,rollyiyan222@gmail.com,Es jeruk dan durian ,Sekarbela,,Kekalik Jaya,,,,,Kuliner,tidak,7-10 tahun,1-5 orang,kurang dari 25 juta,Ibu maya,31-40 tahun,SMA/MA/SMK,087860743220,5,5,1,2,1,2,1,1,1,3,3,1,1,1,1,2,1,1,3,3,2,3,5,4,3,5,5,5,Rolly Napian ,
7/18/2026 13:52:24,rollyiyan222@gmail.com,Roti kukus srikaya lombok,Sekarbela,,Kekalik Jaya,,,,,Kuliner,tidak,4-6 tahun,1-5 orang,kurang dari 25 juta,Alan,21-30 tahun,SMA/MA/SMK,087848930637,5,5,1,3,1,3,1,1,1,4,2,1,2,1,1,2,1,1,3,4,2,4,5,5,3,5,4,5,Rolly Napian ,
7/20/2026 19:24:28,rollyiyan222@gmail.com,Martabak mallabar ,Sekarbela,,Kekalik Jaya,,,,,Kuliner,tidak,lebih dari 10 tahun,1-5 orang,kurang dari 25 juta,Jibril,31-40 tahun,SD/MI,081947843398,5,5,1,3,1,2,1,1,1,2,2,1,1,1,1,2,1,1,5,5,3,4,5,5,5,5,5,5,Rolly Napian ,
7/20/2026 19:32:23,rollyiyan222@gmail.com,Cilok azki,Sekarbela,,Kekalik Jaya,,,,,Kuliner,tidak,kurang dari 1 tahun,1-5 orang,kurang dari 25 juta,M. Sirrojul hadi,kurang dari 20 tahun,SMA/MA/SMK,081775254907,5,5,1,5,1,4,1,1,1,3,2,1,1,1,1,1,1,1,4,4,3,3,5,4,3,5,5,5,Rolly Napian,
7/20/2026 20:06:17,rollyiyan222@gmail.com,Ini coba surus,Sekarbela,,Kekalik Jaya,,,,,Kuliner,ya,4-6 tahun,1-5 orang,kurang dari 25 juta,Baiq Yeni,21-30 tahun,SMA/MA/SMK,087768683335,5,5,3,5,1,4,3,2,1,4,4,2,2,2,3,4,5,5,5,4,4,3,5,5,5,3,5,5,Rolly Napian,
7/20/2026 20:18:43,rollyiyan222@gmail.com,You Mi Mon Dimsum,Sekarbela,,Kekalik Jaya,,,,,Kuliner,tidak,1-3 tahun,1-5 orang,kurang dari 25 juta,Ramli,21-30 tahun,SMA/MA/SMK,087864439232,5,5,1,3,1,3,1,1,1,3,2,1,1,1,1,2,1,1,4,4,4,4,5,5,3,5,5,5,Rolly Napian,
7/20/2026 20:25:12,rollyiyan222@gmail.com,Kopi Tudju,Sekarbela,,Kekalik Jaya,,,,,Kuliner,tidak,1-3 tahun,1-5 orang,kurang dari 25 juta,Ipan,21-30 tahun,SMA/MA/SMK,087756079181,5,5,1,3,1,3,1,1,1,3,2,1,1,1,1,1,1,1,3,4,3,3,5,5,3,5,5,4,Rolly Napian,
7/20/2026 20:32:08,rollyiyan222@gmail.com,Kopi kita,Sekarbela,,Kekalik Jaya,,,,,Kuliner,tidak,1-3 tahun,1-5 orang,kurang dari 25 juta,Erza,21-30 tahun,SMA/MA/SMK,088214561822,5,5,2,4,2,3,1,1,1,2,1,1,1,1,1,1,1,1,4,4,3,2,5,5,5,3,5,4,Rolly Napian,
7/20/2026 20:44:23,rollyiyan222@gmail.com,Bera seanca,Sekarbela,,Kekalik Jaya,,,,,Kuliner,tidak,kurang dari 1 tahun,1-5 orang,kurang dari 25 juta,Bayu,31-40 tahun,Sarjana,087762250252,5,5,3,4,2,4,1,1,1,3,2,1,1,1,1,1,1,1,5,4,3,3,5,5,4,5,5,4,Rolly Napian,
7/20/2026 20:52:33,rollyiyan222@gmail.com,D' kedatan kofee,Sekarbela,,Kekalik Jaya,,,,,Kuliner,tidak,kurang dari 1 tahun,1-5 orang,kurang dari 25 juta,Opik,21-30 tahun,SMA/MA/SMK,087750233871,5,5,1,4,1,1,1,1,1,3,2,1,1,1,1,1,1,1,4,4,3,2,5,4,4,5,5,4,Rolly Napian,
7/20/2026 20:57:20,rollyiyan222@gmail.com,Madon Matcha,Sekarbela,,Kekalik Jaya,,,,,Kuliner,tidak,kurang dari 1 tahun,1-5 orang,kurang dari 25 juta,Agna,31-40 tahun,Sarjana,087792781605,5,5,1,4,1,4,1,1,1,3,2,1,1,1,1,1,1,1,5,5,5,2,5,5,5,3,5,4,Rolly Napian,
7/20/2026 21:01:40,rollyiyan222@gmail.com,Bolu kukus,Sekarbela,,Kekalik Jaya,,,,,Kuliner,tidak,1-3 tahun,1-5 orang,kurang dari 25 juta,Taufik,21-30 tahun,SMA/MA/SMK,085962798445,5,5,1,4,1,3,1,1,1,3,2,1,1,1,1,1,1,1,4,4,3,3,5,4,5,5,5,4,Rolly Napian,
7/20/2026 21:10:01,rollyiyan222@gmail.com,Pisang Goreng Krispi,Sekarbela,,Kekalik Jaya,,,,,Kuliner,tidak,1-3 tahun,1-5 orang,kurang dari 25 juta,Ani,31-40 tahun,Sarjana,083851936283,5,5,2,4,1,3,1,1,1,3,2,1,1,1,1,1,1,1,4,4,4,2,3,4,5,3,5,4,Rolly Napian,
7/20/2026 21:16:17,rollyiyan222@gmail.com,Tohg Pizzaku,Sekarbela,,Kekalik Jaya,,,,,Kuliner,tidak,1-3 tahun,1-5 orang,kurang dari 25 juta,De Komalasari,31-40 tahun,Sarjana,085142700870,5,5,3,4,1,4,1,1,1,2,1,1,1,1,1,1,1,1,4,4,4,3,5,4,5,5,4,4,Rolly Napian,
7/20/2026 21:22:13,rollyiyan222@gmail.com,Cordoce,Sekarbela,,Kekalik Jaya,,,,,Kuliner,tidak,1-3 tahun,1-5 orang,kurang dari 25 juta,Niswatul,31-40 tahun,SMP/MTs,087742512671,5,5,2,3,1,3,1,1,1,2,1,1,1,1,1,1,1,1,3,4,2,3,5,4,3,5,4,4,Rolly Napian,
7/20/2026 21:27:21,rollyiyan222@gmail.com,Kopi Crypto,Sekarbela,,Kekalik Jaya,,,,,Kuliner,tidak,1-3 tahun,1-5 orang,kurang dari 25 juta,Desi,21-30 tahun,SMA/MA/SMK,083856949881,5,5,3,4,2,4,1,1,1,2,2,1,1,1,2,1,1,1,4,4,3,2,5,4,4,3,5,4,Rolly Napian,
7/21/2026 13:41:52,opianik21@gmail.com,Kopi Mantan ,Sekarbela,,Jempong Baru,,,,,Kuliner,ya,1-3 tahun,1-5 orang,kurang dari 25 juta,Pak ahmad,31-40 tahun,SMA/MA/SMK,08596322735,5,5,5,4,2,2,1,1,1,3,3,1,1,2,2,2,5,4,5,5,5,5,5,5,5,5,5,5,Sopiani,
7/21/2026 13:45:38,opianik21@gmail.com,Fresh Boba,Sekarbela,,Jempong Baru,,,,,Kuliner,ya,1-3 tahun,1-5 orang,kurang dari 25 juta,Yusuf ,21-30 tahun,SMA/MA/SMK,085788654213,5,5,2,3,1,3,1,1,1,3,2,1,1,1,1,5,5,5,5,5,5,5,5,5,5,5,5,5,Sopiani,
7/21/2026 13:52:17,opianik21@gmail.com,Telur congkel dan makaroni telur,Sekarbela,,Jempong Baru,,,,,Kuliner,tidak,1-3 tahun,1-5 orang,kurang dari 25 juta,Pak doyok ,31-40 tahun,SD/MI,081997567453,5,5,4,4,1,1,1,1,1,1,1,1,1,1,1,1,1,1,3,3,3,3,3,3,3,3,3,4,Sopiani,
7/21/2026 13:55:31,opianik21@gmail.com,Boba time dan es selendang mayang ,Sekarbela,,Jempong Baru,,,,,Kuliner,tidak,4-6 tahun,1-5 orang,kurang dari 25 juta,Ibu mayang,31-40 tahun,SMP/MTs,08596266433,5,5,1,1,1,1,1,1,1,2,2,2,2,2,2,1,1,1,3,3,3,3,3,3,3,3,3,3,Sopiani,
7/21/2026 13:58:49,opianik21@gmail.com,Bebek bakar,Mataram,,,,,,Pagutan Barat,Kuliner,ya,4-6 tahun,1-5 orang,kurang dari 25 juta,Pak Made ,31-40 tahun,SMA/MA/SMK,087798110617,5,5,2,1,1,2,1,1,1,2,3,1,1,3,3,5,4,3,5,5,5,5,5,5,5,5,5,5,Sopiani,
7/22/2026 10:10:45,rollyiyan222@gmail.com,Kopi keliling ,Sekarbela,,Kekalik Jaya,,,,,Kuliner,tidak,1-3 tahun,1-5 orang,kurang dari 25 juta,M. Mizal,21-30 tahun,Pascasarjana,081246296127,5,5,3,4,2,4,1,1,1,3,2,1,1,1,1,1,1,1,4,4,3,2,5,4,3,3,4,4,Rolly Napian,
7/22/2026 10:14:46,rollyiyan222@gmail.com,Fresh orange,Sekarbela,,Kekalik Jaya,,,,,Kuliner,tidak,kurang dari 1 tahun,1-5 orang,kurang dari 25 juta,Dafa,21-30 tahun,Pascasarjana,087715998150,5,5,3,4,2,4,1,1,1,3,2,1,1,1,1,3,1,1,4,4,3,2,5,4,3,4,4,4,Rolly Napian,
7/22/2026 10:18:26,rollyiyan222@gmail.com,Kopi saling,Sekarbela,,Kekalik Jaya,,,,,Kuliner,tidak,1-3 tahun,1-5 orang,kurang dari 25 juta,Julian,21-30 tahun,Pascasarjana,085940892040,5,5,3,4,2,4,1,1,1,3,2,1,1,1,1,3,1,1,4,4,3,2,5,5,3,5,5,4,Rolly Napian,
7/22/2026 21:08:22,rollyiyan222@gmail.com,Sumber arto foto copy ,Sekarbela,,Jempong Baru,,,,,Jasa,tidak,7-10 tahun,1-5 orang,kurang dari 25 juta,Arto Wijaya,21-30 tahun,SMA/MA/SMK,085962773950,5,5,4,4,2,4,1,1,1,3,2,1,1,1,1,3,1,1,3,3,3,3,3,3,3,3,3,3,Sopiani,
7/22/2026 21:16:17,rollyiyan222@gmail.com,benvie medicshop,Sekarbela,,Jempong Baru,,,,,"Jasa, Perdagangan",tidak,4-6 tahun,1-5 orang,kurang dari 25 juta,Masnah,31-40 tahun,Sarjana,087783579450,5,5,3,3,1,3,1,1,1,1,1,1,1,1,2,3,1,1,4,4,4,2,5,4,5,3,4,4,Sopiani,
7/22/2026 21:20:19,rollyiyan222@gmail.com,Aufar Laundry,Sekarbela,,Jempong Baru,,,,,Jasa,tidak,1-3 tahun,1-5 orang,kurang dari 25 juta,Aufar,21-30 tahun,SMA/MA/SMK,087880500231,5,5,1,1,1,3,1,1,1,1,1,1,1,1,2,1,1,1,3,3,2,4,5,4,3,5,4,4,Rolly Napian,
7/22/2026 21:27:35,rollyiyan222@gmail.com,WR Arba Lamongan,Sekarbela,,Jempong Baru,,,,,Kuliner,tidak,1-3 tahun,1-5 orang,kurang dari 25 juta,Budi ,31-40 tahun,SMA/MA/SMK,087198757631,5,5,1,3,1,3,1,1,1,3,2,1,1,1,1,1,1,1,3,3,3,2,5,4,4,5,4,4,Rolly,
7/22/2026 21:33:04,rollyiyan222@gmail.com,WR Makan Rezaldi 1,Sekarbela,,Jempong Baru,,,,,Kuliner,ya,4-6 tahun,1-5 orang,kurang dari 25 juta,Rezaldi,21-30 tahun,SMA/MA/SMK,087716963907,5,5,2,3,1,3,1,2,1,3,3,1,2,1,3,3,4,4,4,5,4,2,5,4,4,5,4,4,Rolly,
7/22/2026 21:40:00,rollyiyan222@gmail.com,Es Kuwut,Sekarbela,,Jempong Baru,,,,,Kuliner,tidak,1-3 tahun,1-5 orang,kurang dari 25 juta,Dewi,31-40 tahun,SMA/MA/SMK,085366739650,5,5,1,3,1,3,1,1,1,3,2,1,1,1,2,1,1,1,4,4,3,2,5,5,3,5,4,4,Rolly,
7/25/2026 9:50:27,laundrylavana@gmail.com,Lavana Laundry,Mataram,,,,,,Pagesangan Barat,Jasa,ya,1-3 tahun,1-5 orang,kurang dari 25 juta,YOGA PERMANA,31-40 tahun,Sarjana,087771442111,5,5,5,5,3,5,3,3,5,3,5,3,2,3,3,4,1,2,3,3,1,3,2,4,1,3,5,4,,
7/28/2026 12:10:06,zakirafatir@gmail.com,Taliwang Zakira ,Mataram,,,,,,Pagutan,Kuliner,ya,7-10 tahun,1-5 orang,kurang dari 25 juta,Karmila,31-40 tahun,SMA/MA/SMK,081907197700,5,5,4,4,4,5,3,4,3,4,4,3,5,4,4,5,4,5,5,5,5,5,5,5,4,5,5,5,,
7/28/2026 12:15:32,06zubaidah@gmail.com,Risol buk edah,Cakranegara,,,Cakra Selatan,,,,Kuliner,tidak,1-3 tahun,1-5 orang,kurang dari 25 juta,Edah,lebih dari 50 tahun,SMA/MA/SMK,081917201574,4,4,2,2,4,2,2,2,2,5,2,2,2,2,4,2,2,2,4,4,4,2,4,4,2,4,4,4,,
7/28/2026 12:15:49,sitisarmila517@gmail.com,Kue basah Mama Ima,Ampenan,Banjar,,,,,,Kuliner,tidak,7-10 tahun,1-5 orang,kurang dari 25 juta,Kue basah Mama ima,kurang dari 20 tahun,SMP/MTs,081907547589,4,4,4,4,3,3,3,2,4,4,4,3,3,3,3,3,3,3,4,4,4,4,4,4,4,4,4,4,-,
7/28/2026 12:19:28,nanamarianaa46@gmail.com,MAK SOLEHA,Selaparang,,,,,Monjok,,Kuliner,ya,7-10 tahun,1-5 orang,kurang dari 25 juta,mariana,kurang dari 20 tahun,Sarjana,081907005912,5,5,5,5,1,3,1,5,5,5,5,5,5,5,1,5,5,5,5,5,5,5,5,5,5,5,5,5,budi,https://drive.google.com/open?id=1WbTDW1XfR_YJCTX3kZ6jJcFghkOp30tg
7/28/2026 12:23:11,nurulsuciningsih3@gmail.com,Warung papu,Ampenan,Banjar,,,,,,Kuliner,ya,1-3 tahun,1-5 orang,kurang dari 25 juta,Nurul suci ningsih,31-40 tahun,SMP/MTs,081958572732,4,5,5,5,4,4,4,4,4,4,4,4,4,4,4,4,4,4,5,5,5,4,5,5,4,5,5,5,-,
7/28/2026 12:35:11,alrajihidapur@gmail.com,Nurhayati,Ampenan,Banjar,,,,,,Kuliner,ya,1-3 tahun,1-5 orang,kurang dari 25 juta,Nurhayati,kurang dari 20 tahun,SMA/MA/SMK,88180576332,4,4,5,5,5,4,5,5,5,5,5,5,5,5,5,5,5,5,5,5,4,5,5,5,5,5,5,5,Ampenna,
7/28/2026 12:39:24,dewiagung733@gmail.com,Dewi lalapan,Mataram,,,,,,Pagesangan Timur,Kuliner,ya,7-10 tahun,1-5 orang,kurang dari 25 juta,Anak agung widari dewi,41-50 tahun,SMA/MA/SMK,085333732297,4,4,4,4,4,4,2,2,2,4,2,4,4,4,2,4,4,2,4,5,4,4,4,4,2,4,4,2,,
7/28/2026 12:41:36,bq.yuliana145@gmail.com,UD.Rintan,Selaparang,,,,,Mataram Barat,,Kuliner,ya,1-3 tahun,1-5 orang,kurang dari 25 juta,Baiq Yuliana,kurang dari 20 tahun,Pascasarjana,08175757262,5,5,5,5,5,5,5,5,5,5,5,5,5,5,5,5,5,5,5,5,5,5,5,5,5,5,5,5,Herman Jayadi,https://drive.google.com/open?id=1kFIJzWJ1XB4gbwhzcUp_g14QUs6fkjat
7/28/2026 12:43:37,meliahayuni12@gmail.com,Meizelfa 88 ,Ampenan,Bintaro,,,,,,Kuliner,ya,1-3 tahun,1-5 orang,kurang dari 25 juta,Meilia hayuni ,41-50 tahun,SMA/MA/SMK,087865672964,4,4,4,4,5,5,5,5,5,5,5,5,5,5,5,5,5,5,5,5,5,5,5,5,5,4,4,4,.,
7/28/2026 12:45:21,apryani85@gmail.com,April,Ampenan,Banjar,,,,,,Kuliner,ya,1-3 tahun,1-5 orang,kurang dari 25 juta,April,41-50 tahun,Diploma,081917026285,3,3,4,3,4,4,3,3,3,3,3,3,3,3,3,3,3,3,3,3,3,3,3,3,3,4,5,4,. ,
7/28/2026 12:49:35,murtiahlombok@gmail.com,Dewi roro ,Mataram,,,,,,Mataram Timur,Kuliner,ya,4-6 tahun,1-5 orang,kurang dari 25 juta,Murtiah ,41-50 tahun,SMA/MA/SMK,085847720619,5,5,5,5,5,5,5,5,5,5,5,5,5,5,5,5,5,5,5,5,5,5,5,5,5,5,5,5,",",
7/28/2026 12:51:00,pijarfirmansyah8@gmail.com,Nahla bakrey,Mataram,,,,,,Pagutan,"Kuliner, Perdagangan",ya,4-6 tahun,1-5 orang,kurang dari 25 juta,Yuliana,kurang dari 20 tahun,SMA/MA/SMK,087884245626,4,4,4,4,4,4,4,4,4,4,4,4,4,4,4,4,4,2,4,4,4,4,4,4,4,4,4,4,Bermanfaat sekali,
7/28/2026 12:52:05,nahladapur@gmail.com,Nafisa Bakery,Ampenan,Ampenan Selatan,,,,,,Kuliner,ya,4-6 tahun,1-5 orang,kurang dari 25 juta,Yuliana,21-30 tahun,SMA/MA/SMK,087884245626,5,4,5,5,4,5,5,5,5,5,5,5,5,5,5,5,5,5,5,5,5,5,5,5,5,5,5,5,.,
7/28/2026 12:56:01,norikarisma1985@gmail.com,Kevand Food,Sekarbela,,Kekalik Jaya,,,,,Kuliner,ya,1-3 tahun,1-5 orang,kurang dari 25 juta,Nori ,31-40 tahun,Sarjana,085959553952,4,4,3,4,1,4,1,1,4,3,1,4,4,3,1,2,3,2,4,4,3,1,4,4,4,4,4,3,Tidak ada,
7/28/2026 12:58:38,ingezdedare@gmail.com,Keningar,Sekarbela,,Kekalik Jaya,,,,,Kuliner,ya,1-3 tahun,1-5 orang,kurang dari 25 juta,Krida Tirtana DMC,41-50 tahun,Sarjana,0818589346,5,4,4,4,4,3,3,3,3,5,3,3,4,4,4,4,4,5,5,5,4,5,5,4,4,4,4,4,Tidak ada,https://drive.google.com/open?id=1kRLqr7VSPfzVkagI_8oFX6-6tzoTjVgv
7/28/2026 12:59:21,farhanamusallam74@gmail.com,Warung baroqah,Sandubaya,,,,Mandalika,,,Kuliner,ya,4-6 tahun,1-5 orang,kurang dari 25 juta,A,41-50 tahun,SMA/MA/SMK,081944406618,5,5,5,5,4,4,4,3,3,5,4,4,4,4,4,4,4,2,5,5,5,4,4,5,5,5,5,5,,
7/28/2026 13:00:32,atika.komaria21@gmail.com,Pempek cek ika,Cakranegara,,,Sayang-Sayang,,,,Kuliner,ya,4-6 tahun,1-5 orang,kurang dari 25 juta,Atika komaria,41-50 tahun,Sarjana,082183633693,5,5,5,4,4,4,4,4,3,4,3,3,4,4,4,3,4,4,5,5,5,5,4,5,5,5,5,5,Gak ada,
7/28/2026 14:48:28,handikawatieka@gmail.com,Es teh mantep DJOGLO ,Selaparang,,,,,Mataram Barat,,Kuliner,ya,1-3 tahun,1-5 orang,kurang dari 25 juta,Eka HandikaWati ,41-50 tahun,SMA/MA/SMK,08175775200,4,2,2,4,2,4,2,2,2,4,4,4,4,2,4,4,2,4,5,5,4,4,5,4,4,4,4,4,Bq mustika,https://drive.google.com/open?id=1QQ_-ITZ-NXFrwVwYSgJ40pqXS-BIeGtS
7/28/2026 15:17:14,farhanamusallam74@gmail.com,A,Sandubaya,,,,Mandalika,,,Kuliner,tidak,4-6 tahun,1-5 orang,kurang dari 25 juta,A,41-50 tahun,SMA/MA/SMK,081944406618,5,5,4,5,4,4,4,4,4,4,4,4,4,4,4,4,4,3,5,5,5,4,5,5,5,5,5,5,Y,
7/28/2026 15:26:17,fitalokabaiqsefila@gmail.com,Nanda kue,Selaparang,,,,,Monjok,,Perdagangan,ya,lebih dari 10 tahun,1-5 orang,kurang dari 160 juta,Nanda kue,21-30 tahun,SMA/MA/SMK,087743048730,4,4,4,4,4,4,4,4,4,5,4,4,4,4,4,4,4,4,4,4,4,4,4,4,4,4,4,4,,https://drive.google.com/open?id=15_fHPqjtcA3IW-kRQ6W9PSDzHoUYDY8N
7/28/2026 16:14:05,dewiikon1@gmail.com,Cahaya bakery ,Mataram,,,,,,Pagutan Barat,Kuliner,ya,kurang dari 1 tahun,1-5 orang,kurang dari 25 juta,Hidup ,41-50 tahun,SMA/MA/SMK,087777304935,4,4,4,4,4,4,4,4,4,4,4,4,4,4,4,4,4,4,4,4,4,4,4,4,4,4,4,4,Indira puteri ,
7/29/2026 9:42:45,zakirafatir@gmail.com,Taliwang Zakira ,Mataram,,,,,,Pagutan,Kuliner,ya,7-10 tahun,1-5 orang,kurang dari 25 juta,KARMILA ,31-40 tahun,SMA/MA/SMK,081907197700,4,4,5,5,5,5,3,3,3,5,4,4,4,4,4,5,4,5,5,5,5,5,5,5,3,5,5,5,Mo,
7/29/2026 9:44:07,ifadamar2016@gmail.com,Dapoer Iboek,Selaparang,,,,,Monjok Timur,,Kuliner,ya,1-3 tahun,1-5 orang,kurang dari 25 juta,Ifa Damar Fahmi ,41-50 tahun,Diploma,082340536960,5,5,5,1,1,3,3,1,1,3,1,1,1,3,1,3,3,5,5,5,1,3,3,5,3,5,5,3,Dina ,
7/29/2026 9:44:51,wulantrisnaningsih1616@gmail.com,Makanan geprek smanda,Ampenan,Ampenan Tengah,,,,,,Kuliner,ya,1-3 tahun,1-5 orang,kurang dari 25 juta,WULAN,31-40 tahun,Sarjana,081336524621,4,3,3,3,1,3,3,3,3,5,3,3,3,1,2,3,3,1,3,5,2,3,4,3,3,3,3,3,Linda,
7/29/2026 9:44:52,insanikamila2026@gmail.com,mochi food ,Mataram,,,,,,Pagutan Barat,Kuliner,ya,1-3 tahun,1-5 orang,kurang dari 25 juta,insani kamila,kurang dari 20 tahun,SMA/MA/SMK,087842235777,1,4,4,4,4,4,4,4,4,5,5,3,5,4,5,4,5,5,5,5,5,5,5,5,5,5,5,5,,
7/29/2026 9:44:57,listiaaryani84@gmail.com,Pawon nuri,Selaparang,,,,,Monjok Barat,,Kuliner,ya,kurang dari 1 tahun,1-5 orang,kurang dari 25 juta,Listia Aryani,41-50 tahun,Diploma,08780927086,5,5,3,5,4,5,4,3,4,4,3,3,3,3,4,5,5,5,5,5,4,5,4,4,4,4,4,4,,
7/29/2026 9:46:14,nisaawwalunnisa@gmail.com,Dapur cantik rasa,Selaparang,,,,,Mataram Barat,,Kuliner,ya,7-10 tahun,1-5 orang,kurang dari 160 juta,Ita Suyanti S.PT,lebih dari 50 tahun,Sarjana,081339762626,4,4,4,4,5,5,3,4,4,4,3,4,4,4,4,4,4,4,4,4,4,4,4,4,4,4,4,4,,
7/29/2026 9:46:24,iinrianingsih90@gmail.com,Dapoer Neo's,Selaparang,,,,,Dasan Agung Baru,,Kuliner,ya,4-6 tahun,1-5 orang,kurang dari 25 juta,Iin ,41-50 tahun,Sarjana,085338222535,5,5,5,5,5,4,4,4,5,5,5,5,4,4,4,5,5,5,5,5,5,1,5,5,5,5,5,1,,https://drive.google.com/open?id=1FiIYZ6pjB0pJxrwnWp4cEMyjLWbAwc1C
7/29/2026 9:46:25,mala46105@gmail.com,BASO ACI,Mataram,,,,,,Pagutan,Kuliner,ya,4-6 tahun,1-5 orang,kurang dari 25 juta,NIRMALA,21-30 tahun,SMA/MA/SMK,087744885211,5,5,5,5,5,3,3,3,2,5,5,3,5,3,3,5,5,4,5,5,5,3,5,4,4,3,5,5,-,https://drive.google.com/open?id=1za36nv6TYBJLeBIYg69T06B364vVnQlZ
7/29/2026 9:46:41,seby220501@gmail.com,Ruang bakery ,Selaparang,,,,,Monjok Timur,,Kuliner,ya,kurang dari 1 tahun,1-5 orang,kurang dari 25 juta,Savira,21-30 tahun,Sarjana,081939898976,3,3,3,3,2,3,3,3,3,4,3,3,4,3,3,3,3,3,4,4,3,3,3,3,3,3,4,3,-,https://drive.google.com/open?id=1ElHLbWlsP7Xeq20iwtKqu-6pnCOPfJJL
7/29/2026 9:46:43,faniyyaputri@gmail.com,byandbi,Selaparang,,,,,Monjok Timur,,Kuliner,ya,1-3 tahun,1-5 orang,kurang dari 25 juta,byandbi,21-30 tahun,Diploma,085237924284,5,4,3,5,2,4,4,4,4,4,3,3,4,3,2,4,4,4,4,4,3,3,3,4,3,4,4,3,-,https://drive.google.com/open?id=1Fs5X1_VDcnX-k2qMkAr5RnDe6xXgjD10
7/29/2026 9:46:47,dekawaiyosei@gmail.com,Kiko Food Stall,Sekarbela,,Jempong Baru,,,,,Kuliner,ya,1-3 tahun,1-5 orang,kurang dari 25 juta,Dyah Ariestya,31-40 tahun,Sarjana,081917198929,5,5,5,4,4,5,5,3,4,5,3,4,4,4,4,3,3,2,5,5,5,2,4,5,5,4,5,3,,https://drive.google.com/open?id=1MHq1Nlpto0AM1eZQhxsDhClBHZxGyBgg
7/29/2026 9:47:48,aningsetia6@gmail.com,Athaya cake & bakery,Sekarbela,,Tanjung Karang,,,,,Kuliner,ya,kurang dari 1 tahun,1-5 orang,kurang dari 25 juta,Aning setia wati,21-30 tahun,SMA/MA/SMK,085338294805,4,4,3,4,1,4,1,1,2,5,1,1,3,2,3,5,4,3,5,5,2,4,3,4,3,3,5,4,,
7/29/2026 9:48:55,nita09wibowo@gmail.com,Longpizzaku,Mataram,,,,,,Pagesangan,Kuliner,ya,kurang dari 1 tahun,1-5 orang,kurang dari 25 juta,Nitawati wibowo,31-40 tahun,Sarjana,081353158661,3,3,3,3,3,3,3,3,3,3,3,3,3,3,3,3,3,3,3,3,3,3,3,3,3,3,3,3,Nita,
7/29/2026 9:48:56,sostelbts@gmail.com,SOSTELBTS,Mataram,,,,,,Pagutan Barat,Kuliner,ya,1-3 tahun,1-5 orang,kurang dari 25 juta,Nurlaela ,31-40 tahun,SMA/MA/SMK,087749034241,4,4,4,3,4,3,3,3,3,4,2,2,2,3,3,4,3,3,5,5,5,5,5,5,3,4,5,5,,
7/29/2026 9:49:13,atika.komaria21@gmail.com,PEMPEK CEK IKA,Cakranegara,,,Sayang-Sayang,,,,Kuliner,ya,4-6 tahun,1-5 orang,kurang dari 25 juta,Cek ika,41-50 tahun,Sarjana,082183633693,4,4,3,4,4,5,4,4,4,4,4,4,4,4,5,5,5,5,5,5,5,4,5,5,5,5,5,4,,
7/29/2026 9:49:21,wahyu.working24@gmail.com,SaunG  Ng,Sekarbela,,Tanjung Karang,,,,,Kuliner,ya,kurang dari 1 tahun,1-5 orang,kurang dari 25 juta,Wahyu risty,31-40 tahun,SMA/MA/SMK,082359059462,2,5,4,5,1,2,1,1,3,5,2,2,3,3,2,1,5,5,5,5,2,4,3,3,1,5,5,5,,https://drive.google.com/open?id=1l1cmciJnPXyoQ5Q4ITkkQHq_tOFQpZtE
7/29/2026 9:49:24,aliandiardinata7@gmail.com,Tahu bakso lombok,Sekarbela,,Kekalik Jaya,,,,,Kuliner,ya,7-10 tahun,1-5 orang,kurang dari 25 juta,Ali ardinata,41-50 tahun,SMA/MA/SMK,081937919098,5,5,4,4,4,4,3,3,3,4,3,3,2,3,3,4,4,3,5,5,4,4,5,4,4,4,4,2,,https://drive.google.com/open?id=1D6Xfe4dDS6NgRlPw8O8JqxuvcrLDCe87
7/29/2026 9:50:52,any.tsalasatul@uinmataram.ac.id,Eny cookies,Mataram,,,,,,Pagesangan Timur,Kuliner,ya,1-3 tahun,1-5 orang,kurang dari 25 juta,Eny,lebih dari 50 tahun,SMA/MA/SMK,081907837065,5,5,1,3,2,2,3,1,3,5,4,1,2,4,1,1,1,1,1,5,2,3,5,5,2,5,5,5,,
7/29/2026 9:51:11,linainonk10@gmail.com,Bakulan inonk,Mataram,,,,,,Mataram Timur,Perdagangan,ya,lebih dari 10 tahun,1-5 orang,kurang dari 25 juta,Marlina,31-40 tahun,SMA/MA/SMK,087825624777,5,5,5,5,5,5,5,5,5,5,5,5,5,5,5,5,5,5,5,5,5,3,5,5,5,5,5,5,,
7/29/2026 9:53:26,fitriahriswa@gmail.com,Jamuya,Selaparang,,,,,Rembiga,,Kuliner,ya,1-3 tahun,1-5 orang,kurang dari 25 juta,Naila Qisya ,41-50 tahun,Sarjana,08785753702,5,5,5,5,5,5,4,4,4,5,5,4,5,4,5,5,4,4,5,5,5,3,5,5,5,4,5,5,,https://drive.google.com/open?id=1kLBkDyV1_DrBJc33g1l6W9gmuYaAnwoM
7/29/2026 9:53:34,ibnuandre76@gmail.com,MOYA,Mataram,,,,,,Pagutan,Kuliner,ya,7-10 tahun,1-5 orang,kurang dari 25 juta,Shuwari,31-40 tahun,Sarjana,08983232169,5,5,5,4,4,4,4,4,4,4,4,4,3,3,3,4,4,4,4,4,4,1,4,3,4,3,4,4,Uyun,
7/29/2026 9:53:37,ramadhanijunaidi008@gmail.com,Niak durst,Sandubaya,,,,Mandalika,,,Kuliner,ya,4-6 tahun,1-5 orang,kurang dari 25 juta,Niak durst,31-40 tahun,SMP/MTs,087755055005,4,5,4,5,5,4,3,3,5,5,3,4,5,5,4,5,4,3,5,5,5,3,5,4,3,4,5,3,Uyun,https://drive.google.com/open?id=1uHue2jg-wYWvf3d8eGeXxJ89HdLewrX_
7/29/2026 9:54:19,siti181278@gmail.com,Kue bu iis pagutan,Mataram,,,,,,Pagutan Barat,Kuliner,tidak,lebih dari 10 tahun,1-5 orang,kurang dari 25 juta,Siti siswaati,41-50 tahun,SMA/MA/SMK,081236471261,4,4,3,3,3,3,3,3,3,4,3,3,4,4,3,3,3,3,4,4,4,3,4,3,3,3,4,3,,
7/29/2026 9:55:04,debbyfitri02@gmail.com,Kios Martini Al,Ampenan,Ampenan Selatan,,,,,,Kuliner,ya,1-3 tahun,1-5 orang,kurang dari 160 juta,Martini ,41-50 tahun,SMP/MTs,087752982124,5,3,2,3,5,3,4,1,5,5,1,1,1,5,4,5,1,1,5,5,2,1,5,5,5,5,5,5,Dina,
7/29/2026 9:55:22,farhanamusallam74@gmail.com,Warung baroqah,Sandubaya,,,,Mandalika,,,Kuliner,ya,4-6 tahun,1-5 orang,kurang dari 25 juta,A,41-50 tahun,SMA/MA/SMK,087742343646,5,5,4,5,5,5,5,5,5,5,5,4,5,5,5,5,4,4,5,5,5,4,5,5,5,5,5,5,Uyun,
7/29/2026 9:55:25,yuniayu274@gmail.com,Pesona bubur mba' yuni ,Ampenan,Pejarakan Karya,,,,,,Kuliner,ya,4-6 tahun,1-5 orang,kurang dari 25 juta,Rahayuni ,41-50 tahun,SMA/MA/SMK,081907423688,4,4,4,4,4,4,4,4,4,4,5,4,4,5,4,4,4,4,5,5,5,5,4,5,4,5,5,4,,
7/29/2026 9:57:42,any.tsalasatul@uinmataram.ac.id,Pawon bagas,Selaparang,,,,,Rembiga,,Kuliner,ya,kurang dari 1 tahun,1-5 orang,kurang dari 25 juta,Evi yanti,31-40 tahun,SMA/MA/SMK,081294544403,3,3,1,4,1,3,1,1,1,5,3,2,3,3,1,4,3,1,5,5,1,4,4,5,1,5,5,5,,
7/29/2026 9:58:35,hairulerul354@gmail.com,Kue kering (Kue Tarek. Kue Bawang. Kue Laderan),Sekarbela,,Kekalik Jaya,,,,,Kuliner,ya,1-3 tahun,1-5 orang,kurang dari 25 juta,Rena Febriana,21-30 tahun,SMA/MA/SMK,081907339415,5,4,4,3,4,4,4,3,4,4,4,3,4,4,3,4,4,4,4,4,4,2,4,4,4,4,4,4,Ulfa,
7/29/2026 9:58:40,alwardahfajriah67@gmail.com,Wardah,Mataram,,,,,,Punia,Kuliner,ya,1-3 tahun,1-5 orang,kurang dari 25 juta,Dapurku,41-50 tahun,Sarjana,+6287864387666,4,4,3,4,2,1,1,1,4,4,1,1,4,1,1,5,5,5,5,5,5,5,5,5,5,5,5,5,,
7/29/2026 10:03:47,nurulsusianti@uinmataram.ac.id,Wawa kitchen,Ampenan,Ampenan Selatan,,,,,,Kuliner,ya,4-6 tahun,1-5 orang,kurang dari 25 juta,Eva trisniti,41-50 tahun,SMA/MA/SMK,082341173909,1,2,1,1,3,1,2,3,1,2,2,2,2,3,3,3,2,2,2,2,3,3,2,2,3,3,2,2,Mbak uyun,
7/29/2026 10:06:35,hidayatilaely5@gmail.com,DAPUR RIMBUN ,Mataram,,,,,,Mataram Timur,Kuliner,ya,4-6 tahun,1-5 orang,kurang dari 25 juta,Rimbun ,31-40 tahun,SMA/MA/SMK,08123809188,4,4,3,4,3,3,3,2,3,5,3,3,3,4,3,3,3,2,5,5,5,1,5,5,5,3,4,4,,
7/29/2026 10:07:49,ibnuandre76@gmail.com,MOYA CITA RASA AUTENTIK,Mataram,,,,,,Pagutan,Kuliner,ya,7-10 tahun,6-10 orang,kurang dari 160 juta,Shuwari Agni Firdausi,31-40 tahun,Sarjana,08983232169,4,4,4,4,5,4,4,4,3,5,5,4,4,4,4,5,5,5,5,5,5,1,4,5,5,3,5,5,,https://drive.google.com/open?id=1km71Sr8PdzFUUViHH5pgw1ErPct7ro8e
7/29/2026 10:10:18,faruqaldiano50@gmail.com,Maryani bakery,Sandubaya,,,,Mandalika,,,Kuliner,tidak,kurang dari 1 tahun,1-5 orang,kurang dari 25 juta,Mariani,31-40 tahun,SMP/MTs,087873483844,4,4,4,4,4,5,5,5,5,5,5,3,4,5,5,5,5,5,5,5,5,5,5,5,5,5,5,5,,
7/29/2026 10:23:58,faisalnugroho122@gmail.com,Warung Asrama Berkah,Selaparang,,,,,Rembiga,,Kuliner,tidak,7-10 tahun,1-5 orang,kurang dari 25 juta,Aziz,41-50 tahun,Sarjana,08990977723,3,3,3,2,2,4,1,1,1,4,3,1,1,3,3,1,3,1,5,5,5,3,4,4,3,3,3,3,,https://drive.google.com/open?id=1QlsFMkEnc9uLrP7v9xcdOexUdBkI7f9S
7/31/2026 19:27:18,opianik21@gmail.com, Barbershop,Mataram,,,,,,Pagesangan Timur,Jasa,ya,1-3 tahun,1-5 orang,kurang dari 25 juta,Sayid,21-30 tahun,SMA/MA/SMK,087824793828,5,5,3,3,1,4,3,1,1,4,2,1,1,1,2,3,5,5,5,5,5,5,1,5,5,1,5,5,Sopiani,
7/31/2026 19:42:15,opianik21@gmail.com,Nasi kebuli ayam rempah,Selaparang,,,,,Dasan Agung Baru,,Kuliner,ya,1-3 tahun,1-5 orang,kurang dari 25 juta,Rifki,31-40 tahun,SMA/MA/SMK,081917481604,5,5,2,4,1,3,1,1,1,5,3,1,1,1,3,3,4,4,4,4,4,2,4,4,4,3,4,4,Sopiani,
7/31/2026 19:48:13,opianik21@gmail.com,Sate beduk mas bro,Selaparang,,,,,Dasan Agung Baru,,Kuliner,tidak,1-3 tahun,1-5 orang,kurang dari 25 juta,Bapak Hanapi,31-40 tahun,SMP/MTs,081817315805,5,5,1,2,1,2,1,1,1,2,2,1,1,1,1,1,1,1,2,4,2,3,5,4,3,5,4,4,Sopiani,
7/31/2026 19:52:19,opianik21@gmail.com,Servis gorden,Selaparang,,,,,Dasan Agung Baru,,Jasa,ya,4-6 tahun,1-5 orang,kurang dari 25 juta,Pak usman,31-40 tahun,SD/MI,087862619948,5,5,3,4,1,4,4,2,1,4,3,1,1,1,3,3,5,5,4,4,3,2,3,4,5,2,4,4,Sopiani,
7/31/2026 19:58:32,opianik21@gmail.com,Salad buah premium,Selaparang,,,,,Dasan Agung Baru,,Kuliner,ya,1-3 tahun,1-5 orang,kurang dari 25 juta,Lila,21-30 tahun,SMA/MA/SMK,087836937137,5,5,1,4,1,4,2,2,1,4,3,2,2,2,3,3,5,5,3,4,3,2,5,4,3,5,4,4,Sopiani,
7/31/2026 20:03:49,opianik21@gmail.com,dr Geprek,Selaparang,,,,,Dasan Agung Baru,,Kuliner,ya,1-3 tahun,1-5 orang,kurang dari 25 juta,Dila,31-40 tahun,SMA/MA/SMK,081337999897,5,5,2,4,1,4,1,1,1,5,3,2,1,1,3,3,5,5,5,4,4,2,4,4,5,2,4,4,Sopiani,
7/31/2026 20:08:44,opianik21@gmail.com,Queen Churros,Selaparang,,,,,Dasan Agung Baru,,Kuliner,ya,1-3 tahun,1-5 orang,kurang dari 25 juta,Sinta,21-30 tahun,Sarjana,081936688000,5,5,2,4,1,3,2,2,1,3,3,3,2,2,3,3,5,5,4,4,2,3,5,4,3,4,4,4,Sopiani,
7/31/2026 20:17:00,opianik21@gmail.com,Dapur Penyetan,Selaparang,,,,,Dasan Agung Baru,,Kuliner,ya,1-3 tahun,1-5 orang,kurang dari 25 juta,Jesicca,21-30 tahun,Sarjana,081916011190,5,5,3,4,2,4,4,3,1,3,3,2,2,2,3,3,5,5,4,4,3,3,5,4,3,4,4,4,Sopiani,
7/31/2026 20:34:49,opianik21@gmail.com,Ara's petshop,Selaparang,,,,,Dasan Agung Baru,,Perdagangan,tidak,1-3 tahun,1-5 orang,kurang dari 25 juta,Doni,31-40 tahun,SMA/MA/SMK,085714386863,5,5,2,3,1,3,1,1,1,2,2,1,1,1,1,1,1,1,3,4,2,3,5,4,4,4,4,4,Sopiani,
7/31/2026 20:40:14,opianik21@gmail.com,Honeysa bads,Selaparang,,,,,Dasan Agung Baru,,Kerajinan,ya,1-3 tahun,1-5 orang,kurang dari 25 juta,Sinhar,21-30 tahun,Sarjana,0895609011012,5,5,2,4,2,4,4,3,1,4,3,2,2,1,3,3,5,5,5,5,5,1,2,4,4,2,4,4,Sopiani,
7/31/2026 20:46:30,opianik21@gmail.com,Sambel sasak,Selaparang,,,,,Dasan Agung Baru,,Kuliner,ya,1-3 tahun,1-5 orang,kurang dari 25 juta,Ibu mira,31-40 tahun,SMA/MA/SMK,081936994999,5,5,2,4,1,4,2,2,1,4,3,2,1,2,3,3,5,5,4,4,5,3,3,4,5,3,4,4,Sopiani,
7/31/2026 20:52:51,opianik21@gmail.com,Koleksi parfum,Selaparang,,,,,Dasan Agung Baru,,Perdagangan,tidak,1-3 tahun,1-5 orang,kurang dari 25 juta,Ahmad,31-40 tahun,Sarjana,0817360151,5,5,3,3,2,3,1,1,1,3,2,1,1,1,1,1,1,1,4,4,3,3,4,4,3,3,4,4,Sopiani,
7/31/2026 20:58:24,opianik21@gmail.com,Sushi 2000,Selaparang,,,,,Dasan Agung Baru,,Kuliner,ya,4-6 tahun,1-5 orang,kurang dari 25 juta,Mbak Zea,31-40 tahun,SMA/MA/SMK,081703398451,5,5,3,4,2,4,2,2,1,5,3,3,2,2,3,3,5,5,4,4,4,2,3,4,4,2,4,4,Sopiani,
7/31/2026 21:04:48,opianik21@gmail.com,FLICKA BAGS,Selaparang,,,,,Dasan Agung Baru,,Fashion,ya,1-3 tahun,1-5 orang,kurang dari 25 juta,Feisika,31-40 tahun,SMA/MA/SMK,081239565810,5,5,3,4,2,4,4,3,1,5,3,2,1,2,4,3,5,5,4,4,4,2,3,4,4,3,4,4,Sopiani,
7/31/2026 21:16:49,opianik21@gmail.com,Halal mart,Selaparang,,,,,Dasan Agung Baru,,Perdagangan,ya,4-6 tahun,1-5 orang,kurang dari 25 juta,Eva susanti,21-30 tahun,Sarjana,087865097578,5,5,3,4,1,4,2,2,1,3,3,2,2,1,3,3,5,5,4,4,4,2,3,4,5,2,4,4,Sopiani,
7/31/2026 21:21:21,opianik21@gmail.com,Dimsum bintang food,Selaparang,,,,,Dasan Agung Baru,,Kuliner,ya,1-3 tahun,1-5 orang,kurang dari 25 juta,Romzi,21-30 tahun,SMA/MA/SMK,085921477787,5,5,2,4,1,3,1,1,1,3,3,2,2,2,4,3,5,5,5,5,5,2,3,5,5,2,4,4,Sopiani,
7/31/2026 22:43:37,rollyiyan222@gmail.com,Lumpia suoday,Selaparang,,,,,Dasan Agung Baru,,Kuliner,ya,1-3 tahun,1-5 orang,kurang dari 25 juta,Sandi,21-30 tahun,SMA/MA/SMK,081236677794,5,5,3,4,1,4,4,2,1,4,3,2,1,1,4,3,5,5,4,5,4,2,3,4,4,2,4,4,Rolly,
7/31/2026 22:50:32,rollyiyan222@gmail.com,Bubur ayam jakarta ,Selaparang,,,,,Dasan Agung Baru,,Kuliner,ya,1-3 tahun,1-5 orang,kurang dari 25 juta,Mba may,31-40 tahun,Sarjana,081236213292,5,5,3,4,1,4,4,2,1,5,3,2,1,1,3,3,5,5,4,5,4,2,3,4,4,3,4,4,Rolly,
7/31/2026 22:56:18,rollyiyan222@gmail.com,Nasi campur,Selaparang,,,,,Dasan Agung Baru,,Kuliner,ya,4-6 tahun,1-5 orang,kurang dari 25 juta,Ibu Sri ,31-40 tahun,SD/MI,081917723000,5,5,1,3,1,3,1,1,1,3,2,1,1,1,2,2,4,4,4,4,2,3,5,4,3,5,4,4,Rolly ,
7/31/2026 23:03:47,rollyiyan222@gmail.com,Nasi Rawon,Selaparang,,,,,Dasan Agung Baru,,Kuliner,tidak,4-6 tahun,1-5 orang,kurang dari 25 juta,Maq Nik,41-50 tahun,SD/MI,087871216427,4,4,1,2,1,1,1,1,1,2,1,1,1,1,2,2,1,1,2,4,1,2,5,4,2,5,4,4,Rolly ,
7/31/2026 23:14:44,rollyiyan222@gmail.com,Warung dinda/soto,Selaparang,,,,,Dasan Agung Baru,,Kuliner,tidak,4-6 tahun,1-5 orang,kurang dari 25 juta,Linda,31-40 tahun,SMP/MTs,081917723000,5,5,1,1,1,2,2,1,1,1,1,1,1,1,1,1,1,1,4,4,2,3,5,4,3,5,4,4,Roll,
7/31/2026 23:23:47,rollyiyan222@gmail.com,Nasi pecel ,Selaparang,,,,,Dasan Agung Baru,,Kuliner,tidak,7-10 tahun,1-5 orang,kurang dari 25 juta,Ibu maya ,41-50 tahun,SD/MI,087754403256,5,5,1,2,1,2,1,1,1,2,1,1,1,1,1,1,1,1,1,4,2,2,5,4,2,5,4,5,Rolly,
7/31/2026 23:27:19,rollyiyan222@gmail.com,Sate bulayak ,Selaparang,,,,,Dasan Agung Baru,,Kuliner,ya,7-10 tahun,1-5 orang,kurang dari 25 juta,Inak suti,31-40 tahun,SMP/MTs,085904266144,3,3,4,2,1,3,2,2,1,3,4,3,3,3,3,3,4,4,3,3,4,4,5,3,4,5,5,4,Rolly,
8/1/2026 8:04:37,opianik21@gmail.com,Dimensi warna/ Print,Mataram,,,,,,Pagesangan,Jasa,ya,4-6 tahun,1-5 orang,kurang dari 25 juta,Takdir,21-30 tahun,SMA/MA/SMK,082341513797,5,5,3,3,1,4,4,3,1,4,3,2,2,1,3,3,4,4,4,4,3,2,4,4,3,4,4,4,Sopiani,
8/1/2026 8:09:45,opianik21@gmail.com,TOON COFFEE,Selaparang,,,,,Dasan Agung Baru,,Kuliner,tidak,1-3 tahun,1-5 orang,kurang dari 25 juta,Afri,21-30 tahun,Pascasarjana,087757866548,5,5,2,3,1,3,1,1,1,3,2,1,1,1,2,3,2,2,4,4,3,2,4,4,3,4,4,4,Sopiani,
8/1/2026 8:13:37,opianik21@gmail.com,Rujak kuah pindang,Selaparang,,,,,Dasan Agung Baru,,Kuliner,tidak,1-3 tahun,1-5 orang,kurang dari 25 juta,Asri,21-30 tahun,SMA/MA/SMK,081997800547,5,5,2,3,1,3,1,1,1,3,2,1,1,1,1,1,1,1,2,4,2,3,5,4,2,5,4,4,Sopiani,
8/1/2026 8:17:54,opianik21@gmail.com,PARFUM REFIL,Selaparang,,,,,Dasan Agung Baru,,Perdagangan,tidak,1-3 tahun,1-5 orang,kurang dari 25 juta,Deni,21-30 tahun,SMA/MA/SMK,081805748311,5,5,2,3,1,3,1,1,1,2,1,1,1,1,1,3,1,1,3,4,3,3,4,4,3,4,4,4,Sopiani,
8/1/2026 8:23:04,opianik21@gmail.com,ALANY HANDMADE AKSESORIS,Selaparang,,,,,Dasan Agung Baru,,Fashion,ya,4-6 tahun,1-5 orang,kurang dari 25 juta,Alan,21-30 tahun,SMA/MA/SMK,081936771209,5,5,2,4,1,4,1,2,1,4,3,2,1,1,3,4,5,5,5,5,3,2,4,4,3,3,4,4,Sopiani,
8/1/2026 8:28:39,opianik21@gmail.com,DANUS PEKTIN,Selaparang,,,,,Dasan Agung Baru,,Kuliner,ya,4-6 tahun,1-5 orang,kurang dari 25 juta,Julia,21-30 tahun,Pascasarjana,081943465822,5,5,3,4,2,4,2,2,1,4,3,3,2,1,3,4,5,5,5,5,5,2,2,5,5,2,5,4,Sopiani,
8/1/2026 8:32:05,opianik21@gmail.com,Kopi Keliling Lombok,Selaparang,,,,,Dasan Agung Baru,,Kuliner,ya,4-6 tahun,1-5 orang,kurang dari 25 juta,Agung,21-30 tahun,Sarjana,082266412442,5,5,3,4,1,4,2,2,1,4,3,2,2,2,3,4,5,5,5,5,3,2,4,4,5,3,4,4,Sopiani,
8/1/2026 8:36:17,opianik21@gmail.com,Susu kedelai & susu kurma,Selaparang,,,,,Dasan Agung Baru,,Kuliner,tidak,4-6 tahun,1-5 orang,kurang dari 25 juta,Pak ajis,41-50 tahun,SD/MI,081917033735,5,3,1,2,1,2,1,1,1,2,1,1,1,1,1,1,1,1,2,3,1,3,5,3,2,5,4,4,Sopiani,
8/1/2026 8:41:50,opianik21@gmail.com,Selada Hidroponik,Selaparang,,,,,Dasan Agung Baru,,Kuliner,tidak,1-3 tahun,1-5 orang,kurang dari 25 juta,Pak Yadi,31-40 tahun,SMA/MA/SMK,085737766627,5,5,1,2,1,2,1,1,1,2,1,1,1,1,1,1,1,1,2,4,2,3,4,4,2,4,4,4,Sopiani,
8/1/2026 8:46:18,opianik21@gmail.com,Menu start From,Selaparang,,,,,Dasan Agung Baru,,Kuliner,ya,1-3 tahun,1-5 orang,kurang dari 25 juta,Shellvia Rahma,21-30 tahun,SMA/MA/SMK,082329345994,5,5,2,3,1,3,1,1,1,2,2,1,1,1,2,3,3,3,4,4,2,2,5,4,3,5,4,4,Sopiani,
8/1/2026 8:50:54,opianik21@gmail.com,NOMUMU COFFEE OR MATCHA,Selaparang,,,,,Dasan Agung Baru,,Kuliner,ya,4-6 tahun,1-5 orang,kurang dari 25 juta,Jufri,21-30 tahun,SMA/MA/SMK,087865998018,5,5,2,4,1,3,3,1,1,3,3,3,1,2,3,3,4,4,4,4,3,3,3,4,4,3,4,4,Sopiani,
8/1/2026 8:56:17,opianik21@gmail.com,Pizza Sedap Mantab,Selaparang,,,,,Dasan Agung Baru,,Kuliner,ya,7-10 tahun,1-5 orang,kurang dari 25 juta,Pak adi,41-50 tahun,SMA/MA/SMK,0895800177447,5,5,1,2,1,2,1,2,1,3,2,1,1,1,2,1,3,3,4,4,4,1,2,4,4,2,4,4,Sopiani,
8/1/2026 9:01:44,opianik21@gmail.com,Kelepon,Selaparang,,,,,Dasan Agung Baru,,Kuliner,tidak,4-6 tahun,1-5 orang,kurang dari 25 juta,Desi,21-30 tahun,SMA/MA/SMK,081915934004,5,5,1,3,1,3,1,1,1,3,2,1,1,1,1,1,1,1,3,5,3,3,4,4,3,4,4,4,Sopiani,
8/1/2026 9:05:12,opianik21@gmail.com,Ayu food,Selaparang,,,,,Dasan Agung Baru,,Kuliner,ya,1-3 tahun,1-5 orang,kurang dari 25 juta,Mbak ayu,21-30 tahun,SMA/MA/SMK,087810848281,5,5,3,3,3,3,3,3,3,3,3,3,3,3,3,3,3,3,3,3,3,3,3,3,3,3,3,3,Sopi,
8/1/2026 9:07:57,opianik21@gmail.com,Rica bowl,Selaparang,,,,,Dasan Agung Baru,,Kuliner,tidak,4-6 tahun,1-5 orang,kurang dari 25 juta,Anden ,31-40 tahun,SMP/MTs,082227879996,2,1,1,1,1,1,1,1,1,1,1,1,1,1,1,1,1,1,1,2,2,2,2,2,2,2,2,2,Sopi,
8/1/2026 9:11:08,opianik21@gmail.com,Dimsum kuy,Selaparang,,,,,Dasan Agung Baru,,Kuliner,tidak,1-3 tahun,1-5 orang,kurang dari 25 juta,Lisa,21-30 tahun,SMA/MA/SMK,08814776593,2,1,1,1,1,1,1,1,1,1,1,1,1,1,2,2,1,1,3,4,4,4,4,4,4,4,5,4,Sopi,
8/1/2026 9:13:29,opianik21@gmail.com,Telur fress,Selaparang,,,,,Dasan Agung Baru,,Perdagangan,tidak,4-6 tahun,1-5 orang,kurang dari 25 juta,Buk Azizah ,41-50 tahun,SD/MI,082339675388,2,2,1,1,1,1,1,1,1,1,1,1,1,1,1,1,1,1,3,3,4,3,2,3,3,3,3,3,Sopi,
8/1/2026 9:15:34,opianik21@gmail.com,Aneka bubur ,Selaparang,,,,,Dasan Agung Baru,,Kuliner,tidak,1-3 tahun,1-5 orang,kurang dari 25 juta,Mbah bong ,lebih dari 50 tahun,SD/MI,081907951555,3,1,1,1,1,1,1,1,1,1,1,1,1,1,1,1,1,1,3,3,3,3,4,3,3,4,3,3,Sopi,
8/1/2026 9:17:44,opianik21@gmail.com,Susu kurma dan susu kedelai ,Selaparang,,,,,Dasan Agung Baru,,Kuliner,tidak,4-6 tahun,1-5 orang,kurang dari 25 juta,Pak Doel ,41-50 tahun,SMA/MA/SMK,085205029158,1,1,1,1,1,1,1,1,1,1,1,1,1,1,1,1,1,1,5,5,5,5,5,5,5,5,5,5,Sopi,
8/1/2026 9:20:00,opianik21@gmail.com,Akceccies ,Selaparang,,,,,Dasan Agung Baru,,"Jasa, Perdagangan",tidak,1-3 tahun,1-5 orang,kurang dari 25 juta,Fitriani ,21-30 tahun,Sarjana,087872490983,4,1,1,1,1,1,1,1,1,1,1,1,1,1,1,1,1,1,5,5,5,5,5,5,5,5,5,5,Sopi,
8/1/2026 9:22:38,opianik21@gmail.com,Yummy sumuties ,Selaparang,,,,,Dasan Agung Baru,,Kuliner,ya,1-3 tahun,1-5 orang,kurang dari 25 juta,Raka,21-30 tahun,Sarjana,087761526661,4,3,4,4,4,4,5,4,4,5,4,4,4,4,4,4,4,4,3,5,5,5,5,5,5,5,5,5,Sopi,
8/1/2026 9:24:54,opianik21@gmail.com,Brow cake,Selaparang,,,,,Dasan Agung Baru,,Kuliner,ya,4-6 tahun,1-5 orang,kurang dari 25 juta,Dira,21-30 tahun,Sarjana,08180524676,3,3,4,4,4,4,3,3,4,4,3,3,3,3,3,3,3,4,4,4,4,4,4,4,4,5,4,4,Sopi,
8/1/2026 9:26:59,opianik21@gmail.com,Fhoto booth,Selaparang,,,,,Dasan Agung Baru,,"Jasa, Perdagangan",ya,1-3 tahun,1-5 orang,kurang dari 25 juta,Yadi,21-30 tahun,Sarjana,085133662926,4,3,3,3,3,3,3,3,4,4,4,4,4,4,4,4,4,4,4,4,4,4,5,5,5,5,5,5,Sopi,
8/1/2026 9:29:17,opianik21@gmail.com,Nasi bakar ,Selaparang,,,,,Dasan Agung Baru,,Kuliner,ya,4-6 tahun,1-5 orang,kurang dari 25 juta,Mas ade,21-30 tahun,Sarjana,0881037123051,4,4,4,4,4,4,4,4,4,4,4,4,5,4,4,4,4,4,4,4,4,4,4,5,5,5,5,5,Sopi,
8/1/2026 9:31:41,opianik21@gmail.com,Cilok ,Selaparang,,,,,Dasan Agung Baru,,Kuliner,ya,7-10 tahun,1-5 orang,kurang dari 25 juta,Pak udin,41-50 tahun,SD/MI,083174997492,4,4,4,4,4,4,4,4,4,4,4,4,4,4,4,4,4,4,5,5,5,5,5,5,5,5,5,5,Sopi,
8/1/2026 9:33:56,opianik21@gmail.com,Royal madu ,Selaparang,,,,,Dasan Agung Baru,,"Kuliner, Perdagangan",ya,1-3 tahun,1-5 orang,kurang dari 25 juta,Pak man ,41-50 tahun,SD/MI,087865969067,5,5,5,5,5,5,5,5,5,5,5,4,4,4,4,4,3,4,5,5,5,5,5,5,5,5,4,5,Sopi,
8/1/2026 9:36:12,opianik21@gmail.com,Nasi krawu ,Selaparang,,,,,Dasan Agung Baru,,"Kuliner, Perdagangan",ya,1-3 tahun,1-5 orang,kurang dari 25 juta,Ibu tina ,31-40 tahun,SD/MI,087764381566,4,4,4,4,4,4,4,4,4,4,4,4,4,4,4,4,5,4,5,5,5,5,5,5,5,5,5,5,Sopi,
8/1/2026 9:41:48,opianik21@gmail.com,Cilo Art,Selaparang,,,,,Dasan Agung Baru,,Kerajinan,ya,4-6 tahun,1-5 orang,kurang dari 25 juta,Cilo,31-40 tahun,SMA/MA/SMK,085135723592,5,5,1,3,1,3,1,1,1,3,2,2,1,1,3,3,3,4,4,4,4,2,4,4,4,3,4,4,Sopiani,
8/1/2026 10:29:46,opianik21@gmail.com,Nasi uduk,Selaparang,,,,,Dasan Agung Baru,,Kuliner,ya,4-6 tahun,1-5 orang,kurang dari 25 juta,Bu Maya,31-40 tahun,SMA/MA/SMK,087760177899,5,5,1,1,1,1,1,1,1,1,1,1,1,1,1,1,1,1,3,4,2,2,4,4,3,4,4,4,Sopiani,
8/1/2026 10:34:17,opianik21@gmail.com,Sosis bakar dan aneka seafood,Selaparang,,,,,Dasan Agung Baru,,Kuliner,tidak,4-6 tahun,1-5 orang,kurang dari 25 juta,Mas Tresno,31-40 tahun,SMA/MA/SMK,087790512553,5,5,1,3,1,3,1,1,1,2,1,1,1,1,1,1,1,1,4,4,3,3,5,4,3,5,4,4,Sopiani,
8/1/2026 10:39:38,opianik21@gmail.com,2 ELIXIR Prfum,Selaparang,,,,,Dasan Agung Baru,,Perdagangan,ya,4-6 tahun,1-5 orang,kurang dari 25 juta,Lisa,21-30 tahun,SMA/MA/SMK,0881038205487,5,5,2,4,1,4,2,2,1,4,3,3,3,2,3,4,5,5,5,5,4,2,3,4,4,3,4,4,Sopiani,
8/1/2026 10:44:48,opianik21@gmail.com,Kebab Blasan 5,Selaparang,,,,,Dasan Agung Baru,,Kuliner,ya,4-6 tahun,1-5 orang,kurang dari 25 juta,Blasan,31-40 tahun,Sarjana,085955114644,5,5,3,4,2,4,3,3,1,4,3,2,3,2,4,4,5,5,4,4,2,2,5,4,3,5,5,4,Sopiani,
8/1/2026 11:44:59,opianik21@gmail.com,KID'S STORE,Selaparang,,,,,Dasan Agung Baru,,Fashion,ya,4-6 tahun,1-5 orang,kurang dari 25 juta,Risma Febriana,31-40 tahun,Sarjana,081917741650,5,5,3,4,2,4,4,3,1,4,3,3,3,2,4,5,5,5,5,5,5,1,2,5,5,1,5,4,Sopiani,
8/1/2026 11:51:01,opianik21@gmail.com,Aneka Makanan & Minuman,Selaparang,,,,,Dasan Agung Baru,,Kuliner,ya,4-6 tahun,1-5 orang,kurang dari 25 juta,Hj. Mariana,31-40 tahun,SMA/MA/SMK,081933154057,5,5,1,3,1,3,3,1,1,3,2,1,1,1,2,1,3,3,4,4,3,2,5,5,3,5,5,4,Sopiani,
8/1/2026 11:54:51,opianik21@gmail.com,MOO Aksesoris,Selaparang,,,,,Dasan Agung Baru,,Fashion,tidak,1-3 tahun,1-5 orang,kurang dari 25 juta,Lidia,21-30 tahun,SMA/MA/SMK,082236634831,5,5,2,3,1,3,1,1,1,2,1,1,1,1,1,1,1,1,4,4,1,2,5,4,3,1,4,4,Sopiani,
8/1/2026 12:02:15,sopiopi069@gmail.com,Loundry Berkah Ananta,Mataram,,,,,,Pagutan Barat,Jasa,tidak,kurang dari 1 tahun,1-5 orang,kurang dari 25 juta,Afni,21-30 tahun,Sarjana,081994626238,4,3,1,1,3,3,3,3,4,3,3,5,5,3,5,3,4,3,3,3,4,2,3,3,4,4,4,4,Sopiani ,
8/1/2026 12:03:02,opianik21@gmail.com,Aneka sushi,Selaparang,,,,,Dasan Agung Baru,,Kuliner,ya,1-3 tahun,1-5 orang,kurang dari 25 juta,Serimah,31-40 tahun,SMA/MA/SMK,085929148004,5,5,1,3,1,3,1,1,1,3,2,1,1,1,2,2,3,3,4,4,3,2,4,4,4,4,4,4,Sopiani,
8/1/2026 12:06:12,sopiopi069@gmail.com,Tokoyaki,Selaparang,,,,,Dasan Agung Baru,,Kuliner,ya,1-3 tahun,1-5 orang,kurang dari 25 juta,Nbak dewi,21-30 tahun,Sarjana,087863303627,1,1,3,3,3,3,2,2,2,2,2,2,2,2,2,2,2,2,2,2,2,2,2,2,2,2,2,2,Sopi,
8/1/2026 12:07:56,opianik21@gmail.com,Kelepon,Selaparang,,,,,Dasan Agung Baru,,Kuliner,ya,4-6 tahun,1-5 orang,kurang dari 25 juta,Ibu serinah,41-50 tahun,SD/MI,081915934004,5,5,1,2,2,2,1,1,1,3,1,1,1,1,1,1,3,3,2,4,2,2,5,4,2,5,4,4,Sopiani,
8/1/2026 12:25:13,sopiopi069@gmail.com,Sempol ayam keju,Selaparang,,,,,Dasan Agung Baru,,Kuliner,ya,4-6 tahun,1-5 orang,kurang dari 25 juta,Bpk ihsan,31-40 tahun,SMP/MTs,085961472756,3,3,1,1,1,1,1,2,1,2,2,2,2,2,2,2,2,2,4,4,4,3,3,3,4,4,4,3,Sopi,
8/1/2026 13:49:16,opianik21@gmail.com,Salad buah premium,Selaparang,,,,,Dasan Agung Baru,,Kuliner,ya,1-3 tahun,1-5 orang,kurang dari 25 juta,Lila,21-30 tahun,SMA/MA/SMK,087836937137,5,5,3,4,1,4,4,3,1,4,3,3,3,3,3,5,5,5,4,4,3,2,4,4,3,4,4,4,Sopiani,
8/1/2026 15:26:07,sopiopi069@gmail.com,Alfaro Store,Selaparang,,,,,Dasan Agung Baru,,Fashion,ya,4-6 tahun,1-5 orang,kurang dari 25 juta,Alfaro,21-30 tahun,Sarjana,087898560540,5,5,3,4,2,4,4,3,1,4,3,3,4,3,4,3,4,4,4,4,3,2,4,4,4,3,4,4,Sopiani,
8/1/2026 15:31:21,sopiopi069@gmail.com,DIN'S KITCHEN,Selaparang,,,,,Dasan Agung Baru,,Kuliner,tidak,1-3 tahun,1-5 orang,kurang dari 25 juta,Dina,31-40 tahun,SMA/MA/SMK,087852304708,5,5,1,1,1,3,3,1,1,3,2,1,1,1,1,1,1,1,4,5,3,2,4,5,3,4,4,4,Sopiani,
8/2/2026 17:52:36,rollyiyan222@gmail.com,Souffle pancake & Makaroni Telur,Selaparang,,,,,Dasan Agung Baru,,Kuliner,ya,1-3 tahun,1-5 orang,kurang dari 25 juta,Sul,31-40 tahun,SMA/MA/SMK,082339813325,5,5,2,3,1,3,1,1,1,3,3,2,1,1,3,3,4,4,4,4,4,2,3,4,4,3,4,4,Rolly,
8/2/2026 17:55:16,rollyiyan222@gmail.com,Batagor,Selaparang,,,,,Dasan Agung Baru,,Kuliner,tidak,4-6 tahun,1-5 orang,kurang dari 25 juta,Bapak usman,41-50 tahun,SMP/MTs,087882034276,5,5,1,2,1,2,1,1,1,2,2,1,1,1,2,1,1,1,4,4,4,2,3,4,4,2,4,4,Rolly,
8/2/2026 17:58:52,rollyiyan222@gmail.com,Bubur ayam nasi cokot,Selaparang,,,,,Dasan Agung Baru,,Kuliner,ya,4-6 tahun,1-5 orang,kurang dari 25 juta,Ibu andin,31-40 tahun,SMP/MTs,081953140496,5,5,1,3,1,3,1,1,1,2,3,2,2,1,3,3,3,3,4,5,5,2,3,5,5,2,5,4,Rolly,
8/2/2026 18:08:25,rollyiyan222@gmail.com,Dimsum,Selaparang,,,,,Dasan Agung Baru,,Kuliner,ya,4-6 tahun,1-5 orang,kurang dari 25 juta,Nurul ,21-30 tahun,Sarjana,085931589054,5,5,3,4,2,4,1,1,1,3,3,2,3,1,3,4,4,4,4,4,4,2,2,4,5,2,4,4,Rolly,
8/2/2026 18:14:59,rollyiyan222@gmail.com,Jajan ketan hitam,Selaparang,,,,,Dasan Agung Baru,,Kuliner,tidak,1-3 tahun,1-5 orang,kurang dari 25 juta,Ibu diah,41-50 tahun,SD/MI,087703442291,5,5,1,1,2,1,1,1,1,1,1,1,1,1,1,1,1,1,3,5,2,2,3,5,4,2,5,4,Rolly,
8/2/2026 18:19:20,rollyiyan222@gmail.com,Bakpia home made,Selaparang,,,,,Dasan Agung Baru,,Kuliner,tidak,1-3 tahun,1-5 orang,kurang dari 25 juta,Bapak pia,31-40 tahun,SMA/MA/SMK,0815588491097,5,5,1,2,1,2,1,1,1,2,1,1,1,1,2,1,1,1,4,4,3,2,3,4,4,3,4,4,Rolly,
8/2/2026 18:26:22,rollyiyan222@gmail.com,Donut selagalas,Selaparang,,,,,Dasan Agung Baru,,Kuliner,ya,1-3 tahun,1-5 orang,kurang dari 25 juta,Aprilia azhari,31-40 tahun,Sarjana,087817224815,5,5,3,4,2,4,2,2,1,4,3,2,2,2,3,4,4,4,4,4,5,1,2,4,4,2,4,4,Rolly ,
8/2/2026 18:32:19,rollyiyan222@gmail.com,Masker,Selaparang,,,,,Dasan Agung Baru,,Fashion,ya,4-6 tahun,1-5 orang,kurang dari 25 juta,Mas de,31-40 tahun,SMA/MA/SMK,081933153034,5,5,1,3,1,4,1,1,1,3,3,2,1,1,3,4,5,5,4,4,4,2,2,4,4,2,4,4,Rolly,
8/2/2026 18:35:28,rollyiyan222@gmail.com,Nasi pecel ,Selaparang,,,,,Dasan Agung Baru,,Kuliner,ya,4-6 tahun,1-5 orang,kurang dari 25 juta,Ibu ratna,31-40 tahun,SD/MI,081803601112,5,5,1,3,1,3,2,1,1,3,3,2,2,1,3,4,5,5,4,4,3,2,3,5,5,3,4,4,Rolly,
8/2/2026 18:40:24,rollyiyan222@gmail.com,Dimsum cimari,Selaparang,,,,,Dasan Agung Baru,,Kuliner,ya,1-3 tahun,1-5 orang,kurang dari 25 juta,Mba mar,21-30 tahun,Sarjana,087865381560,5,5,3,4,1,4,2,1,1,4,3,2,2,1,3,4,5,5,4,5,5,1,2,4,4,2,4,4,Rolly,
8/2/2026 18:44:42,rollyiyan222@gmail.com,Aneka roti,Selaparang,,,,,Dasan Agung Baru,,Kuliner,tidak,1-3 tahun,1-5 orang,kurang dari 25 juta,Budi,21-30 tahun,SMA/MA/SMK,087864472730,5,5,2,3,1,3,1,1,1,2,1,2,1,1,1,1,1,1,3,4,3,2,4,5,2,4,4,4,Rolly,
8/2/2026 18:49:16,rollyiyan222@gmail.com,Ayra bakery,Selaparang,,,,,Dasan Agung Baru,,Kuliner,ya,1-3 tahun,1-5 orang,kurang dari 25 juta,Ayra,21-30 tahun,SMA/MA/SMK,082341742746,5,5,2,4,1,4,4,1,1,3,3,2,1,1,3,4,5,5,4,4,4,2,2,4,4,2,4,4,Rolly,
8/2/2026 18:52:26,rollyiyan222@gmail.com,Costovi kitchen,Selaparang,,,,,Dasan Agung Baru,,Kuliner,ya,1-3 tahun,1-5 orang,kurang dari 25 juta,Buk Novi,31-40 tahun,Sarjana,087835517355,5,5,3,4,1,4,1,1,1,3,3,3,2,1,3,4,5,5,4,4,4,2,2,4,4,2,4,5,Rolly ,
8/2/2026 18:57:45,rollyiyan222@gmail.com,Tahu Gejrot,Selaparang,,,,,Dasan Agung Baru,,Kuliner,ya,1-3 tahun,1-5 orang,kurang dari 25 juta,Si aa',31-40 tahun,SMA/MA/SMK,087810848281,5,5,2,4,1,3,1,1,1,3,3,2,2,1,3,4,5,5,4,4,4,2,3,4,5,2,4,4,Rolly,
8/2/2026 19:06:22,rollyiyan222@gmail.com,Amils Donut,Selaparang,,,,,Dasan Agung Baru,,Kuliner,ya,1-3 tahun,1-5 orang,kurang dari 25 juta,Baiq husniatun,21-30 tahun,Sarjana,083129906489,5,5,3,4,1,4,1,1,1,3,3,2,1,1,3,4,5,5,4,4,4,2,3,4,4,2,4,4,Rolly,
8/2/2026 19:44:02,rollyiyan222@gmail.com,Jamu buk 3,Selaparang,,,,,Dasan Agung Baru,,Kuliner,tidak,1-3 tahun,1-5 orang,kurang dari 25 juta,Buk sari,41-50 tahun,SD/MI,085231371512,5,5,1,2,1,2,2,1,1,2,1,1,1,1,1,1,1,1,2,4,2,2,4,4,2,4,4,4,Rolly,
8/2/2026 19:50:56,rollyiyan222@gmail.com,Kopi botol siap minum ,Selaparang,,,,,Dasan Agung Baru,,Kuliner,ya,4-6 tahun,1-5 orang,kurang dari 25 juta,Mas de,31-40 tahun,SMA/MA/SMK,087757176979,5,5,2,3,1,4,4,2,1,4,3,2,1,1,4,4,5,5,4,5,5,1,2,5,2,2,5,4,Rolly,
8/2/2026 19:56:43,rollyiyan222@gmail.com,Dimsum kedai uz,Selaparang,,,,,Dasan Agung Baru,,Kuliner,ya,1-3 tahun,1-5 orang,kurang dari 25 juta,Biq uz,31-40 tahun,Sarjana,082236874333,5,5,3,4,1,4,4,1,1,3,3,1,1,1,4,4,5,5,4,5,5,2,3,4,5,2,5,5,Rolly,
8/2/2026 20:03:47,sopiopi069@gmail.com,Slime yuyun,Selaparang,,,,,Dasan Agung Baru,,Kerajinan,ya,kurang dari 1 tahun,1-5 orang,kurang dari 25 juta,Yuyuk,21-30 tahun,SMA/MA/SMK,087787909996,4,2,3,3,3,3,3,3,3,3,3,3,3,3,3,3,3,3,3,3,3,4,4,3,3,3,4,4,Sopiani ,
8/2/2026 20:05:28,opianik21@gmail.com, Crepes Balap,Selaparang,,,,,Dasan Agung Baru,,Kuliner,tidak,4-6 tahun,1-5 orang,kurang dari 25 juta,Abdul,41-50 tahun,SMP/MTs,085234259371,5,5,1,3,1,3,1,1,1,3,1,1,1,1,1,1,1,1,4,4,2,3,4,4,3,4,4,4,Sopiani,
8/2/2026 20:06:20,sopiopi069@gmail.com,Buah potong ,Selaparang,,,,,Dasan Agung Baru,,"Kuliner, Perdagangan",ya,kurang dari 1 tahun,1-5 orang,kurang dari 25 juta,Mbak najwa,21-30 tahun,Diploma,087554260397,5,4,4,4,4,4,4,4,4,4,5,5,4,4,4,4,5,5,4,4,4,4,4,4,4,4,4,5,Sopiani ,
8/2/2026 20:09:30,opianik21@gmail.com,Susu kedelai fresh soya,Selaparang,,,,,Dasan Agung Baru,,Kuliner,ya,4-6 tahun,1-5 orang,kurang dari 25 juta,Pak soya,41-50 tahun,SMA/MA/SMK,085333222321,5,5,1,3,1,3,1,1,1,3,3,2,1,1,3,2,3,3,4,5,3,2,3,5,4,4,5,4,Sopiani,
8/2/2026 20:09:32,sopiopi069@gmail.com,Pizza puff,Selaparang,,,,,Dasan Agung Baru,,Kuliner,ya,1-3 tahun,1-5 orang,kurang dari 25 juta,Zaza,21-30 tahun,Sarjana,08123971287,4,4,4,4,5,5,4,4,4,4,5,4,4,4,4,4,4,4,4,5,5,5,5,5,4,4,4,5,Sopiani ,
8/2/2026 20:12:58,opianik21@gmail.com,Just juice,Selaparang,,,,,Dasan Agung Baru,,Kuliner,ya,1-3 tahun,1-5 orang,kurang dari 25 juta,Mas anto,31-40 tahun,SMA/MA/SMK,082266154092,5,5,1,3,1,3,1,1,1,3,2,2,1,1,3,3,4,4,4,4,3,3,4,4,3,4,4,4,Sopiani,
8/2/2026 20:14:09,sopiopi069@gmail.com,Iconic dimsum,Selaparang,,,,,Dasan Agung Baru,,Kuliner,ya,1-3 tahun,1-5 orang,kurang dari 25 juta,Mbak lia,31-40 tahun,Sarjana,087754401811,4,4,5,3,2,4,3,4,4,4,4,4,4,4,4,4,4,5,4,4,4,4,4,4,4,4,4,4,Sopiani ,
8/2/2026 20:16:35,opianik21@gmail.com,Nasi kebuli,Selaparang,,,,,Dasan Agung Baru,,Kuliner,ya,4-6 tahun,1-5 orang,kurang dari 25 juta,Ibu Dayul,31-40 tahun,SMA/MA/SMK,087815210099,5,5,2,4,1,4,2,2,1,4,3,2,2,1,4,4,5,5,4,4,3,2,5,4,2,5,4,4,Sopiani,
8/2/2026 20:17:54,sopiopi069@gmail.com,"Manisan kecil, cintanya besar",Selaparang,,,,,Dasan Agung Baru,,Kuliner,ya,1-3 tahun,1-5 orang,kurang dari 25 juta,Ibu dinda,41-50 tahun,SMA/MA/SMK,085239160970,4,4,4,4,4,4,5,5,5,5,4,5,5,4,4,4,4,4,3,4,4,4,4,4,4,4,4,4,Sopiani ,
8/2/2026 20:22:19,opianik21@gmail.com,Es mambo susu premium,Selaparang,,,,,Dasan Agung Baru,,Kuliner,tidak,1-3 tahun,1-5 orang,kurang dari 25 juta,Wahyu,31-40 tahun,SMA/MA/SMK,087865882699,5,5,1,3,1,3,1,1,1,3,2,1,1,1,1,1,1,1,4,4,4,3,4,4,3,4,4,4,Sopiani,
8/2/2026 20:25:45,sopiopi069@gmail.com,Mpekmpek kito,Ampenan,Kebon Sari,,,,,,Kuliner,ya,1-3 tahun,1-5 orang,kurang dari 25 juta,Ibu tina,31-40 tahun,SMA/MA/SMK,081999920395,4,4,4,4,3,4,4,4,4,4,4,4,4,4,4,5,5,5,5,5,5,5,4,5,5,5,5,5,Sopiani ,
8/2/2026 20:28:21,sopiopi069@gmail.com,Takoyaki berlian ,Selaparang,,,,,Dasan Agung Baru,,Kuliner,ya,1-3 tahun,1-5 orang,kurang dari 25 juta,Zaki,31-40 tahun,Diploma,08787311233,4,5,5,5,5,5,4,4,4,4,3,4,4,5,5,5,5,5,4,5,5,4,4,5,4,4,5,5,Sopiani ,
8/2/2026 20:28:33,opianik21@gmail.com,In parfume Fresh & fragrant,Selaparang,,,,,Dasan Agung Baru,,Kuliner,ya,4-6 tahun,1-5 orang,kurang dari 25 juta,Duta,31-40 tahun,Sarjana,081907337770,5,5,3,4,2,4,3,3,1,4,3,3,3,3,4,4,5,5,4,4,3,3,4,4,3,4,4,4,Sopiani,
8/2/2026 20:32:04,opianik21@gmail.com,Kopi keliling lombok,Selaparang,,,,,Dasan Agung Baru,,Kuliner,tidak,kurang dari 1 tahun,1-5 orang,kurang dari 25 juta,Huda,21-30 tahun,Pascasarjana,082266412442,5,5,3,4,3,4,1,1,1,3,2,2,1,1,2,3,1,1,4,4,3,2,4,4,4,3,4,4,Sopiani,
8/2/2026 20:32:23,sopiopi069@gmail.com,D'lumer ubi,Selaparang,,,,,Dasan Agung Baru,,Kuliner,ya,1-3 tahun,1-5 orang,kurang dari 25 juta,Amak abi,41-50 tahun,SMA/MA/SMK,087878311233,4,4,5,5,5,5,4,5,5,5,5,5,4,4,4,5,5,4,4,4,5,5,5,4,4,4,4,4,Sopiani ,
8/2/2026 20:35:48,sopiopi069@gmail.com,Choko berry,Selaparang,,,,,Dasan Agung Baru,,Kuliner,ya,1-3 tahun,1-5 orang,kurang dari 25 juta,Mas dik,21-30 tahun,Sarjana,08990986170,4,4,4,4,4,4,4,4,4,4,4,4,4,3,4,4,4,4,4,4,4,4,5,4,3,4,4,3,Sopiani ,
8/2/2026 20:38:56,opianik21@gmail.com,Bawang hitam,Selaparang,,,,,Dasan Agung Baru,,Kuliner,ya,1-3 tahun,1-5 orang,kurang dari 25 juta,Pak anto,41-50 tahun,SD/MI,087865252698,5,5,1,4,1,4,4,1,1,5,3,2,2,1,4,5,5,5,4,4,3,3,5,5,2,5,4,4,Sopiani,
8/2/2026 20:40:57,sopiopi069@gmail.com,Telur bebek,Selaparang,,,,,Dasan Agung Baru,,Kuliner,ya,4-6 tahun,1-5 orang,kurang dari 160 juta,Pak amin,41-50 tahun,SMA/MA/SMK,087765003404,5,5,5,5,5,4,5,5,4,4,4,4,4,4,5,4,4,4,4,5,4,4,4,4,4,4,4,4,Sopiani ,
8/2/2026 20:43:37,sopiopi069@gmail.com,Martabak tegal bahari,Mataram,,,,,,Pagutan Barat,Kuliner,ya,7-10 tahun,1-5 orang,kurang dari 25 juta,Pak rais,41-50 tahun,SMP/MTs,085976543244,3,3,4,4,4,4,3,3,3,3,3,4,3,3,3,4,4,4,4,4,4,4,4,4,4,4,4,4,Sopiani ,
8/2/2026 20:44:07,opianik21@gmail.com,Nasi daun,Mataram,,,,,,Pagutan,Kuliner,ya,4-6 tahun,1-5 orang,kurang dari 25 juta,Pak riko,41-50 tahun,SMA/MA/SMK,085333062224,5,5,1,4,1,4,4,1,1,4,4,3,3,2,4,5,5,5,4,4,3,2,3,4,4,3,4,4,Sopiani,
8/2/2026 20:48:48,sopiopi069@gmail.com,Komputer cctv,Selaparang,,,,,Dasan Agung Baru,,"Jasa, Perdagangan",ya,7-10 tahun,1-5 orang,kurang dari 25 juta,Pak jen,41-50 tahun,Sarjana,087878760527,4,5,5,5,5,5,5,5,5,5,5,5,5,5,5,5,5,5,4,5,5,5,5,4,4,4,4,4,Sopiani ,
8/2/2026 20:52:23,sopiopi069@gmail.com,Slap computer,Mataram,,,,,,Pagesangan,"Jasa, Perdagangan",ya,4-6 tahun,1-5 orang,kurang dari 25 juta,I gede,31-40 tahun,Sarjana,087863974261,4,4,4,4,4,4,4,4,4,4,4,4,4,4,4,4,4,4,4,4,4,4,4,4,5,4,5,4,Sopiani ,
8/2/2026 20:52:46,opianik21@gmail.com,King Pancong Lumer,Selaparang,,,,,Dasan Agung Baru,,Kuliner,ya,1-3 tahun,1-5 orang,kurang dari 25 juta,Mas roy,31-40 tahun,Sarjana,087879799080,5,5,3,4,1,4,1,1,1,4,3,3,3,1,4,4,5,5,4,5,5,1,1,5,5,1,5,4,Sopiani,
8/2/2026 20:55:41,sopiopi069@gmail.com,Hoop londry,Mataram,,,,,,Pagesangan,"Jasa, Perdagangan",ya,4-6 tahun,1-5 orang,kurang dari 25 juta,Ibu maya,41-50 tahun,SD/MI,087802508899,4,4,3,4,4,3,4,4,4,4,4,4,4,3,4,4,4,4,4,4,4,4,4,4,5,5,4,4,Sopiani ,
8/2/2026 20:58:28,opianik21@gmail.com,On the perfume,Selaparang,,,,,Dasan Agung Baru,,Perdagangan,ya,4-6 tahun,1-5 orang,kurang dari 25 juta,Joeng,31-40 tahun,SMA/MA/SMK,089654669763,5,5,1,3,1,3,3,1,1,3,3,2,1,1,3,3,3,3,4,4,4,2,3,4,3,2,4,4,Sopiani,
8/2/2026 21:00:11,sopiopi069@gmail.com,Queein kitchen 3,Mataram,,,,,,Pagesangan,Kuliner,ya,4-6 tahun,1-5 orang,kurang dari 25 juta,Mbak mona,41-50 tahun,Sarjana,085339282290,4,4,4,4,4,4,4,5,4,4,4,4,4,5,4,4,3,4,4,5,4,4,4,4,4,4,4,3,Sopiani ,
8/2/2026 21:01:43,opianik21@gmail.com,Dim Sum,Selaparang,,,,,Dasan Agung Baru,,Kuliner,ya,4-6 tahun,1-5 orang,kurang dari 25 juta,Mas yogi,31-40 tahun,SMA/MA/SMK,087704788044,5,5,1,3,1,3,1,1,1,3,3,2,1,1,3,2,3,3,4,5,3,2,3,4,3,3,4,4,Sopiani,
8/2/2026 21:02:47,sopiopi069@gmail.com,Flowrist,Mataram,,,,,,Pagesangan,"Jasa, Perdagangan",ya,4-6 tahun,1-5 orang,kurang dari 25 juta,Mbak yana,31-40 tahun,Sarjana,082326998904,4,5,5,4,4,4,4,4,4,4,4,3,3,3,3,4,4,5,3,3,3,3,4,3,4,4,5,4,Sopiani ,
8/2/2026 21:05:40,opianik21@gmail.com,Birru's KITCHEN,Selaparang,,,,,Dasan Agung Baru,,Kuliner,ya,1-3 tahun,1-5 orang,kurang dari 25 juta,Dila,31-40 tahun,SMA/MA/SMK,087884310660,5,5,1,3,1,3,1,1,1,3,3,2,1,1,4,3,3,3,4,4,3,2,3,4,3,3,4,4,Sopiani,
8/2/2026 21:14:54,opianik21@gmail.com,Gado - Gado,Selaparang,,,,,Dasan Agung Baru,,Kuliner,ya,1-3 tahun,1-5 orang,kurang dari 25 juta,Zila,31-40 tahun,SMA/MA/SMK,087884310660,5,5,1,3,1,3,1,1,1,3,3,2,2,1,3,2,3,3,5,5,5,1,1,5,5,1,5,4,Sopiani,
8/2/2026 21:22:33,opianik21@gmail.com,Dimsum Mentai,Selaparang,,,,,Dasan Agung Baru,,Kuliner,ya,1-3 tahun,1-5 orang,kurang dari 25 juta,Jafar,31-40 tahun,Diploma,085702649670,5,5,3,4,1,4,3,1,1,3,2,2,1,1,1,3,3,3,4,4,3,2,4,4,3,4,4,4,Sopiani,
8/2/2026 21:28:07,opianik21@gmail.com,Pizza Babah,Selaparang,,,,,Dasan Agung Baru,,Kuliner,ya,4-6 tahun,1-5 orang,kurang dari 25 juta,Babah,41-50 tahun,SMA/MA/SMK,085238772324,5,5,1,3,1,3,1,1,1,4,3,2,2,1,3,5,4,4,4,4,3,3,4,4,4,4,4,4,Sopiani,
8/2/2026 21:31:10,opianik21@gmail.com,Susu kedelai & susu kurma,Selaparang,,,,,Dasan Agung Baru,,Kuliner,tidak,1-3 tahun,1-5 orang,kurang dari 25 juta,Pak adi,31-40 tahun,SD/MI,081917033735,5,5,1,2,1,2,1,1,1,2,1,1,1,1,2,1,1,1,3,3,3,3,4,4,4,4,4,4,Sopiani,
8/2/2026 21:38:13,opianik21@gmail.com,Dimsum original,Selaparang,,,,,Dasan Agung Baru,,Kuliner,tidak,1-3 tahun,1-5 orang,kurang dari 25 juta,Mbak diah,21-30 tahun,SMP/MTs,081917970013,5,5,1,3,1,3,1,1,1,3,2,1,1,1,1,2,1,1,4,4,3,3,3,4,3,3,4,4,Sopiani,
8/2/2026 21:43:39,opianik21@gmail.com,Sticky Milk,Selaparang,,,,,Dasan Agung Baru,,Kuliner,tidak,1-3 tahun,1-5 orang,kurang dari 25 juta,Azril,21-30 tahun,Pascasarjana,087715570890,5,5,3,4,1,4,1,1,1,3,1,1,1,1,2,1,1,1,4,4,3,4,4,4,3,3,4,4,Sopiani,
8/2/2026 21:47:50,opianik21@gmail.com,WR mba Hanny,Mataram,,,,,,Pagutan Barat,Kuliner,tidak,1-3 tahun,1-5 orang,kurang dari 25 juta,Mba Hanny,21-30 tahun,SMA/MA/SMK,087881042229,5,5,1,3,1,3,1,1,1,2,1,1,1,1,1,1,1,1,4,4,2,3,5,5,2,5,4,4,Sopiani,
8/2/2026 21:54:53,opianik21@gmail.com,My Republiq,Mataram,,,,,,Pagutan Barat,Perdagangan,tidak,4-6 tahun,1-5 orang,kurang dari 25 juta,Rozi,21-30 tahun,Sarjana,081910066339,5,5,1,4,1,4,3,1,1,4,2,2,1,1,2,3,1,1,4,4,3,2,3,4,4,3,4,4,Sopiani,
8/2/2026 22:07:24,opianik21@gmail.com,Aneka Jaya Plastik,Mataram,,,,,,Pagesangan,Perdagangan,tidak,4-6 tahun,6-10 orang,kurang dari 25 juta,Juli,31-40 tahun,SMA/MA/SMK,085145666777,5,5,1,5,1,4,1,1,1,3,2,1,1,1,1,1,1,1,4,4,3,3,4,4,3,3,4,4,Sopiani,
8/2/2026 22:11:46,sopiopi069@gmail.com,Neyo bakery,Mataram,,,,,,Pagesangan,Kuliner,ya,4-6 tahun,1-5 orang,kurang dari 25 juta,Hj. Siti,41-50 tahun,Sarjana,082277772009,5,4,5,4,4,3,4,4,4,4,4,4,4,3,3,4,5,4,4,4,4,4,3,4,4,3,4,4,Sopiani ,
8/2/2026 22:14:10,sopiopi069@gmail.com,Katy buah,Mataram,,,,,,Pagesangan,"Kuliner, Perdagangan",tidak,4-6 tahun,1-5 orang,kurang dari 25 juta,Ibu atik,41-50 tahun,SD/MI,087765882929,3,2,2,2,2,2,2,2,2,4,4,4,4,4,4,3,3,5,5,4,3,2,3,4,3,4,3,4,Sopiani ,
8/2/2026 22:15:48,sopiopi069@gmail.com,Lombok gadai,Mataram,,,,,,Pagesangan,"Jasa, Perdagangan",ya,4-6 tahun,1-5 orang,kurang dari 25 juta,Pak iwan,41-50 tahun,SMP/MTs,9859328206060,4,4,4,4,4,4,3,5,5,5,4,3,4,4,4,4,4,4,3,4,5,3,4,4,4,3,4,4,Sopiani ,
8/2/2026 22:18:25,sopiopi069@gmail.com,Kurang wc,Mataram,,,,,,Pagesangan,Jasa,ya,7-10 tahun,1-5 orang,kurang dari 25 juta,Sonia,41-50 tahun,SD/MI,081703878088,2,2,3,4,3,4,2,3,4,4,2,4,2,2,4,2,3,3,4,4,4,4,4,3,3,4,4,3,Sopiani ,
8/3/2026 20:18:17,rollyiyan222@gmail.com,Jaya Duren,Sekarbela,,Karang Pule,,,,,Kuliner,tidak,1-3 tahun,1-5 orang,kurang dari 25 juta,Kadek Kris Tina Wati,31-40 tahun,SMA/MA/SMK,087750286473,5,5,1,3,1,3,1,1,1,1,1,1,1,1,1,1,1,1,3,4,3,3,5,5,3,5,4,4,Rolly,
8/3/2026 20:32:40,rollyiyan222@gmail.com,Pangsit doer & mie ayam ,Mataram,,,,,,Punia,Kuliner,tidak,1-3 tahun,1-5 orang,kurang dari 25 juta,Sari ,21-30 tahun,SMA/MA/SMK,085710522518,5,5,1,3,1,3,1,1,1,1,1,1,1,1,1,1,1,1,4,5,3,5,5,4,3,5,4,4,Rolly,
8/3/2026 20:40:52,rollyiyan222@gmail.com,Rudal Burger,Ampenan,Ampenan Selatan,,,,,,Kuliner,tidak,1-3 tahun,1-5 orang,kurang dari 25 juta,Sindi,21-30 tahun,SMA/MA/SMK,087851458663,5,5,1,3,1,3,1,1,1,2,1,1,1,1,1,1,1,1,4,4,4,2,3,4,4,2,4,4,Rolly,
8/3/2026 20:44:50,rollyiyan222@gmail.com,Risol by alesha,Ampenan,Ampenan Selatan,,,,,,Kuliner,tidak,1-3 tahun,1-5 orang,kurang dari 25 juta,Alesha,31-40 tahun,SD/MI,087736010866,5,4,1,3,1,3,1,1,1,1,1,1,1,1,1,1,1,1,4,4,3,2,4,5,3,3,4,4,Rolly,
8/3/2026 20:49:25,rollyiyan222@gmail.com,Adzkia Food,Ampenan,Ampenan Selatan,,,,,,Kuliner,tidak,1-3 tahun,1-5 orang,kurang dari 25 juta,Adzkia,31-40 tahun,SMA/MA/SMK,087820496173,5,4,1,3,1,1,1,1,1,1,1,1,1,1,1,1,1,1,4,4,4,4,2,4,5,2,4,4,Rolly,
8/3/2026 21:04:58,rollyiyan222@gmail.com,Buah buahan,Ampenan,Ampenan Selatan,,,,,,Kuliner,ya,4-6 tahun,1-5 orang,kurang dari 25 juta,Katimah,31-40 tahun,SMA/MA/SMK,087765882928,5,5,1,3,1,3,1,1,1,3,2,1,1,1,3,2,3,3,4,4,3,3,3,4,3,3,4,4,Rolly,
8/3/2026 21:11:09,rollyiyan222@gmail.com,Lombok Gadai,Ampenan,Ampenan Selatan,,,,,,Jasa,ya,4-6 tahun,1-5 orang,kurang dari 25 juta,Sinar,31-40 tahun,Sarjana,+6285932806060,5,5,1,4,1,4,3,3,1,4,3,1,1,3,3,4,5,5,4,4,4,2,2,4,4,2,4,4,Rolly,
8/3/2026 21:16:43,rollyiyan222@gmail.com,Penjahitan Enik,Ampenan,Ampenan Selatan,,,,,,Jasa,tidak,4-6 tahun,1-5 orang,kurang dari 25 juta,Enik,31-40 tahun,SMA/MA/SMK,+6281817050115,5,5,1,3,1,3,1,1,1,2,1,1,1,1,1,1,1,1,4,4,2,2,4,4,3,4,4,4,Rolly,
8/3/2026 21:21:08,rollyiyan222@gmail.com,Busana Bali,Ampenan,Ampenan Selatan,,,,,,Jasa,ya,4-6 tahun,1-5 orang,kurang dari 25 juta,Nita,21-30 tahun,Sarjana,082256523006,5,4,1,3,1,3,3,2,1,3,2,1,1,1,3,3,4,4,4,4,3,2,4,4,3,4,4,4,Rolly,
8/3/2026 21:27:37,rollyiyan222@gmail.com,Amri Cell,Ampenan,Ampenan Selatan,,,,,,Perdagangan,ya,4-6 tahun,1-5 orang,kurang dari 25 juta,Amri,31-40 tahun,Sarjana,081775707000,5,5,3,4,1,4,4,3,1,4,3,3,1,1,4,4,4,4,4,4,4,2,2,4,5,2,4,4,Rolly,
8/3/2026 21:45:00,rollyiyan222@gmail.com,Service Hp cell,Ampenan,Ampenan Selatan,,,,,,Jasa,ya,4-6 tahun,1-5 orang,kurang dari 25 juta,Rudi,21-30 tahun,Sarjana,081803228212,5,5,3,4,1,4,2,3,1,4,4,3,3,1,3,4,4,4,4,4,4,2,2,4,4,2,4,4,Rolly,
8/3/2026 21:50:21,rollyiyan222@gmail.com,Soto Suroboyo,Ampenan,Ampenan Selatan,,,,,,Kuliner,ya,4-6 tahun,1-5 orang,kurang dari 25 juta,Cak Wan,31-40 tahun,SD/MI,082141153583,5,5,1,3,1,3,1,1,1,3,2,1,1,1,3,3,3,3,4,4,3,2,3,4,4,3,4,4,Rolly,
8/3/2026 21:58:14,rollyiyan222@gmail.com,Ceker Mercon,Ampenan,Ampenan Selatan,,,,,,Kuliner,tidak,1-3 tahun,1-5 orang,kurang dari 25 juta,Buk waisah,31-40 tahun,SD/MI,081917927937,5,5,2,2,1,2,1,1,1,1,1,1,1,1,1,1,1,1,2,4,2,2,4,4,2,4,4,4,Rolly,
8/7/2026 16:47:32,opianik21@gmail.com,Es kelapa bajang ,Ampenan,Ampenan Utara,,,,,,"Kuliner, Perdagangan",tidak,4-6 tahun,1-5 orang,kurang dari 25 juta,Mbak is ,31-40 tahun,SMA/MA/SMK,085961553273,3,3,1,1,1,1,1,1,1,1,1,1,1,1,1,1,1,1,3,3,3,3,3,3,3,4,4,4,Sopiani,
8/8/2026 17:19:27,opianik21@gmail.com,Roti,Sandubaya,,,,Turida,,,Kuliner,ya,1-3 tahun,1-5 orang,kurang dari 25 juta,Risa,21-30 tahun,SMA/MA/SMK,087701538253,5,4,2,4,1,1,4,2,1,3,3,3,3,2,3,4,4,4,3,4,3,2,4,4,4,4,4,4,Sopi,
8/8/2026 17:31:09,opianik21@gmail.com,Lumpia ubi ungu lumer,Sandubaya,,,,Turida,,,Kuliner,ya,1-3 tahun,1-5 orang,kurang dari 25 juta,Ranti,21-30 tahun,SMA/MA/SMK,085934809426,5,5,1,3,1,3,3,1,1,3,3,2,1,2,3,3,3,3,4,4,4,1,2,4,4,1,4,4,Sopi,
8/8/2026 17:40:45,opianik21@gmail.com,Ayam Bakar Madu,Sandubaya,,,,Turida,,,Kuliner,ya,1-3 tahun,1-5 orang,kurang dari 25 juta,Mujji,31-40 tahun,SMP/MTs,081936743666,5,4,1,3,1,3,3,1,1,3,2,1,1,1,3,2,3,3,2,4,2,3,4,4,3,5,4,4,Sopi,
8/8/2026 17:48:07,opianik21@gmail.com,Sayap mercon,Sandubaya,,,,Turida,,,Kuliner,ya,1-3 tahun,1-5 orang,kurang dari 25 juta,Yamela,21-30 tahun,SMA/MA/SMK,087812355821,5,4,2,4,1,4,4,2,2,4,2,2,2,2,4,4,4,4,3,4,3,2,4,4,3,4,4,4,Sopi,
8/8/2026 17:53:56,opianik21@gmail.com,Adharasa,Sandubaya,,,,Turida,,,Kuliner,ya,1-3 tahun,1-5 orang,kurang dari 25 juta,Yudi,21-30 tahun,SMA/MA/SMK,081138881188,5,4,1,3,1,3,3,1,1,3,2,2,2,1,3,3,3,3,3,4,3,3,4,4,5,4,4,4,Sopi,
8/8/2026 18:00:21,opianik21@gmail.com,Tahu walik dan sempol,Sandubaya,,,,Turida,,,Kuliner,ya,1-3 tahun,1-5 orang,kurang dari 25 juta,Joni,31-40 tahun,SMA/MA/SMK,087828873131,5,4,1,3,1,3,3,1,1,3,2,2,2,2,3,2,3,3,3,4,3,3,4,4,3,4,4,4,Sopi,
8/8/2026 18:08:37,opianik21@gmail.com,Batagor &Tahu gejrot,Sandubaya,,,,Turida,,,Kuliner,ya,1-3 tahun,1-5 orang,kurang dari 25 juta,Sugi,31-40 tahun,SMA/MA/SMK,087810848281,5,4,1,3,1,3,3,1,1,3,2,2,1,1,3,2,3,3,3,4,3,2,4,4,3,4,4,4,Sopi,
8/8/2026 18:15:31,opianik21@gmail.com,Kedai Jus,Sandubaya,,,,Turida,,,Kuliner,ya,1-3 tahun,1-5 orang,kurang dari 25 juta,Ayu,21-30 tahun,SMA/MA/SMK,08781088291,5,4,2,3,1,3,3,1,1,3,2,2,2,1,3,4,4,4,3,4,3,3,5,4,3,5,4,4,Sopi,
8/8/2026 18:21:38,opianik21@gmail.com,Minuman Milenial,Sandubaya,,,,Turida,,,Kuliner,ya,4-6 tahun,1-5 orang,kurang dari 25 juta,Bunda Zein,31-40 tahun,SMA/MA/SMK,085935058590,5,3,1,3,1,3,3,1,1,3,2,1,1,1,1,2,3,3,3,4,3,3,4,4,3,4,4,4,Sopi,
8/8/2026 18:55:45,opianik21@gmail.com,Geprek,Cakranegara,,,Sayang-Sayang,,,,Kuliner,tidak,4-6 tahun,1-5 orang,kurang dari 25 juta,Lestari,21-30 tahun,SMA/MA/SMK,085961335943,4,4,1,3,1,1,1,1,1,1,1,1,1,1,2,1,1,1,3,4,3,3,4,4,3,4,4,4,Sopi,
8/8/2026 20:49:52,opianik21@gmail.com,Dimsum Lombok,Cakranegara,,,Sayang-Sayang,,,,Kuliner,ya,1-3 tahun,1-5 orang,kurang dari 25 juta,Ginra,21-30 tahun,SMA/MA/SMK,083916436038,5,4,2,4,1,4,4,3,3,4,3,3,3,2,4,4,4,4,3,4,3,3,4,4,2,4,4,4,Sopi,
8/8/2026 20:55:30,opianik21@gmail.com,Bakso sosis bakar & seblak prasmanan,Cakranegara,,,Sayang-Sayang,,,,Kuliner,tidak,1-3 tahun,1-5 orang,kurang dari 25 juta,Silva,21-30 tahun,SMA/MA/SMK,085961637890,5,4,1,3,1,1,1,1,1,3,1,1,1,1,1,1,1,1,4,4,2,3,4,4,3,4,4,4,Sopi,
8/8/2026 21:00:56,opianik21@gmail.com,Warung devan,Cakranegara,,,Sayang-Sayang,,,,Kuliner,tidak,4-6 tahun,1-5 orang,kurang dari 25 juta,Devan,31-40 tahun,SMA/MA/SMK,087760062512,5,4,1,3,1,3,1,1,1,2,1,1,1,1,1,1,1,1,4,4,3,4,4,4,3,4,4,4,Sopi,
8/8/2026 21:07:14,opianik21@gmail.com,Warung Mba Hanny,Cakranegara,,,Sayang-Sayang,,,,Kuliner,ya,1-3 tahun,1-5 orang,kurang dari 25 juta,Mba Hanny,31-40 tahun,SMA/MA/SMK,087881042229,5,4,1,3,1,3,1,1,1,3,2,1,1,1,2,1,3,3,3,4,3,3,4,4,2,4,4,4,Sopi,
8/8/2026 21:18:00,opianik21@gmail.com,Aneka Kue 1001,Cakranegara,,,Sayang-Sayang,,,,Kuliner,tidak,4-6 tahun,1-5 orang,kurang dari 25 juta,Buk Nita,41-50 tahun,SD/MI,083116135327,5,4,1,1,1,2,1,1,1,1,1,1,1,1,1,1,1,1,3,4,3,3,4,4,3,4,4,4,Sopi,
8/8/2026 21:23:55,opianik21@gmail.com,Aneka Jus,Cakranegara,,,Sayang-Sayang,,,,Kuliner,tidak,4-6 tahun,1-5 orang,kurang dari 25 juta,Mba Rini,31-40 tahun,SMA/MA/SMK,087873342550,5,4,1,3,1,1,1,1,1,2,1,1,1,1,1,1,1,1,3,4,2,3,4,4,3,4,4,4,Sopi,
8/8/2026 21:30:01,opianik21@gmail.com,Ayam Bakar,Cakranegara,,,Sayang-Sayang,,,,Kuliner,ya,4-6 tahun,1-5 orang,kurang dari 25 juta,Marjuki,31-40 tahun,SMA/MA/SMK,081999563578,4,4,1,3,1,3,1,1,1,1,1,1,1,1,1,1,1,1,4,4,3,4,4,4,3,4,4,4,Sopi,
8/10/2026 14:28:51,muslihuddin.aini@gmail.com,Anonim,Sandubaya,,,,Mandalika,,,Kuliner,ya,1-3 tahun,1-5 orang,kurang dari 25 juta,Anonim,31-40 tahun,Pascasarjana,087788541930,5,5,5,5,5,5,5,5,5,5,5,5,5,5,5,5,5,5,5,5,5,3,4,4,4,4,4,4,,
8/11/2026 19:45:34,opianik21@gmail.com,Warung Taliwang,Cakranegara,,,Mayura,,,,Kuliner,ya,1-3 tahun,1-5 orang,kurang dari 25 juta,İdza,31-40 tahun,SMA/MA/SMK,087884747285,5,4,1,3,1,3,1,1,1,3,2,1,1,1,2,1,3,3,2,4,2,4,5,4,3,5,4,4,Sopi,
8/11/2026 20:05:33,opianik21@gmail.com,Warung Lalapan,Cakranegara,,,Mayura,,,,Kuliner,tidak,1-3 tahun,1-5 orang,kurang dari 25 juta,Pak ompong,31-40 tahun,SD/MI,085273553123,5,3,1,2,1,2,1,1,1,1,2,1,1,1,1,1,1,1,2,4,2,4,4,4,2,4,4,4,Sopi,
8/11/2026 20:10:24,opianik21@gmail.com,Warung makan ,Mataram,,,,,,Punia,Kuliner,tidak,1-3 tahun,1-5 orang,kurang dari 25 juta,Buk Rina,31-40 tahun,SD/MI,087866975751,5,2,1,2,1,2,1,1,1,2,1,1,1,1,1,1,1,1,1,4,4,4,4,4,2,4,4,4,Sopi,
8/11/2026 22:49:36,opianik21@gmail.com,Pengrajin udeng ,Sandubaya,,,,Turida,,,"Kerajinan, Jasa, Perdagangan",tidak,4-6 tahun,1-5 orang,kurang dari 25 juta,Bpk toh,41-50 tahun,Sarjana,081917004040,1,1,1,1,1,1,1,1,1,2,2,2,2,2,2,2,2,2,3,3,3,3,3,3,3,3,3,3,Sopiani ,
8/11/2026 22:53:58,opianik21@gmail.com,Gadai jual,Sandubaya,,,,Turida,,,"Jasa, Perdagangan",ya,4-6 tahun,1-5 orang,kurang dari 25 juta,Pak man,41-50 tahun,SMA/MA/SMK,0859354534670,2,2,2,2,2,2,2,2,2,2,2,3,2,3,3,3,3,3,3,3,3,3,3,3,3,3,3,4,Sopiani ,
8/11/2026 22:57:11,mahbubdjunaidi448@gmail.com,Timbul Rejeki,Sandubaya,,,,Turida,,,Kuliner,tidak,7-10 tahun,1-5 orang,kurang dari 25 juta,Mbak nah,41-50 tahun,SMA/MA/SMK,085962664182,3,3,3,3,3,3,3,3,3,3,3,3,3,3,3,3,3,3,3,3,3,3,3,3,3,3,3,3,Sopiani ,
8/11/2026 23:02:24,mahbubdjunaidi448@gmail.com,Tanah Abang collection,Sandubaya,,,,Turida,,,"Fashion, Perdagangan",tidak,4-6 tahun,1-5 orang,kurang dari 25 juta,Ahmad andi,21-30 tahun,Sarjana,085924082144,1,2,2,2,2,2,2,2,2,2,2,2,2,2,2,2,2,2,2,2,2,2,2,2,2,2,2,4,Sopiani ,
8/11/2026 23:04:15,opianik21@gmail.com,Mie Ayam Raja,Ampenan,Ampenan Selatan,,,,,,Kuliner,tidak,1-3 tahun,1-5 orang,kurang dari 25 juta,Raja,21-30 tahun,SMA/MA/SMK,085337275976,5,3,1,3,1,3,1,1,1,3,1,1,1,1,1,1,1,1,3,4,3,3,4,4,2,4,4,4,Sopi,
8/11/2026 23:05:41,mahbubdjunaidi448@gmail.com,Asano mansakan padang,Sandubaya,,,,Turida,,,Kuliner,tidak,4-6 tahun,1-5 orang,kurang dari 25 juta,Mbaak min,41-50 tahun,SMA/MA/SMK,081333399955,2,2,2,2,2,2,2,2,2,2,2,2,2,2,2,2,2,2,4,4,4,3,4,5,5,5,5,5,Sopiani ,
8/11/2026 23:09:05,mahbubdjunaidi448@gmail.com,Printer sering ngambek ,Sandubaya,,,,Turida,,,"Jasa, Perdagangan",tidak,4-6 tahun,1-5 orang,kurang dari 25 juta,Dimas,31-40 tahun,Sarjana,081353669571,1,3,3,3,3,3,3,3,3,4,4,3,4,4,4,4,4,4,4,4,4,4,4,4,4,3,4,4,Sopiani ,
8/11/2026 23:09:41,opianik21@gmail.com,Durian Alpukat kocok,Ampenan,Ampenan Selatan,,,,,,Kuliner,tidak,1-3 tahun,1-5 orang,kurang dari 25 juta,Feby Rizkiana,21-30 tahun,SMA/MA/SMK,087799347643,5,4,1,1,1,3,1,1,1,3,1,1,1,1,1,1,1,1,3,4,3,4,4,4,2,4,4,4,Sopi,
8/11/2026 23:12:34,mahbubdjunaidi448@gmail.com,PT. Quba Wisata Utama,Sandubaya,,,,Turida,,,"Jasa, Perdagangan",ya,7-10 tahun,11-20 orang,kurang dari 160 juta,Kully,lebih dari 50 tahun,Sarjana,082341349409,3,3,3,3,3,3,3,3,3,3,3,3,3,3,3,3,4,3,4,4,4,4,4,4,4,4,4,3,Sopiani ,
8/11/2026 23:14:47,opianik21@gmail.com,Cuanki Bandung,Ampenan,Ampenan Selatan,,,,,,Kuliner,tidak,1-3 tahun,1-5 orang,kurang dari 25 juta,Difa,31-40 tahun,SMP/MTs,083133754367,5,4,1,3,1,3,1,1,1,3,1,1,1,1,1,1,1,1,3,4,2,3,4,4,2,4,4,4,Sopi,
8/11/2026 23:15:33,mahbubdjunaidi448@gmail.com,Pt. Viva multi medica ,Sandubaya,,,,Turida,,,"Jasa, Perdagangan",ya,4-6 tahun,6-10 orang,kurang dari 160 juta,Jaya,41-50 tahun,Sarjana,081138899900,3,4,4,4,4,3,3,3,3,3,4,4,4,3,4,3,4,5,5,3,3,4,4,4,3,2,3,3,Sopiani ,
8/11/2026 23:20:27,mahbubdjunaidi448@gmail.com,Jual beli motor reborn,Sandubaya,,,,Turida,,,"Jasa, Perdagangan",ya,1-3 tahun,1-5 orang,kurang dari 25 juta,Rais,31-40 tahun,Diploma,081149088,3,3,3,3,3,3,3,3,3,3,3,3,3,3,3,3,3,3,3,3,3,3,3,3,3,3,3,3,Sopiani ,
8/11/2026 23:22:35,opianik21@gmail.com,Lesehan Roso-Roso,Ampenan,Ampenan Selatan,,,,,,Kuliner,tidak,4-6 tahun,1-5 orang,kurang dari 25 juta,Perkasa,31-40 tahun,SMA/MA/SMK,085933758889,5,3,1,3,1,3,1,1,1,2,1,1,1,1,1,1,1,1,4,5,3,3,4,4,2,4,4,4,Sopi,
8/11/2026 23:23:59,mahbubdjunaidi448@gmail.com,Laundry ekspres,Sandubaya,,,,Turida,,,Jasa,ya,1-3 tahun,1-5 orang,kurang dari 25 juta,Ibu rani,41-50 tahun,SMA/MA/SMK,087793088251,1,2,3,2,2,3,3,3,4,4,3,2,4,3,4,4,3,3,3,3,2,4,3,3,2,2,3,4,Sopiani ,
8/11/2026 23:27:23,mahbubdjunaidi448@gmail.com,Jual kepiting,Cakranegara,,,Mayura,,,,"Kuliner, Perdagangan",ya,1-3 tahun,1-5 orang,kurang dari 25 juta,Budi,41-50 tahun,Sarjana,0811490988,3,3,3,3,3,4,3,4,4,3,4,3,3,3,3,3,3,4,4,5,5,5,5,4,5,4,5,5,Sopiani ,
8/11/2026 23:31:49,opianik21@gmail.com,Aneka minuman,Ampenan,Ampenan Selatan,,,,,,Kuliner,tidak,1-3 tahun,1-5 orang,kurang dari 25 juta,Buk Lini,31-40 tahun,SD/MI,087753947980,5,3,1,2,1,2,1,1,1,1,1,1,1,1,1,1,1,1,3,4,1,4,4,4,1,4,4,4,Sopi,
8/11/2026 23:36:40,opianik21@gmail.com,Kumasakin,Ampenan,Ampenan Selatan,,,,,,Kuliner,ya,1-3 tahun,1-5 orang,kurang dari 25 juta,Jakaria,31-40 tahun,Sarjana,081237626448,5,5,3,4,1,4,1,1,1,4,3,2,2,1,3,4,4,4,4,4,3,3,3,4,2,3,4,4,Sopi,
8/11/2026 23:40:14,opianik21@gmail.com,Brother juice,Ampenan,Ampenan Selatan,,,,,,Kuliner,tidak,1-3 tahun,1-5 orang,kurang dari 25 juta,Heri,31-40 tahun,SMA/MA/SMK,081233216457,5,3,1,3,1,3,1,1,1,3,2,1,1,1,1,1,1,1,3,3,2,4,4,4,2,4,4,4,Sopi,
8/11/2026 23:45:06,opianik21@gmail.com,Mie Ayam Ceker,Ampenan,Ampenan Selatan,,,,,,Kuliner,tidak,1-3 tahun,1-5 orang,kurang dari 25 juta,Buk Livi,31-40 tahun,SD/MI,085961667384,4,3,1,2,1,2,1,1,1,1,1,1,1,1,1,1,1,1,2,4,1,4,5,4,2,5,4,4,Sopi,
8/11/2026 23:55:19,opianik21@gmail.com,Aneka minuman,Ampenan,Ampenan Selatan,,,,,,Kuliner,tidak,1-3 tahun,1-5 orang,kurang dari 25 juta,Buk wati,31-40 tahun,SD/MI,081337382833,4,3,1,2,1,2,1,1,1,2,1,1,1,1,1,1,1,1,3,4,2,3,4,4,2,4,4,4,Sopi,
8/11/2026 23:59:49,opianik21@gmail.com,Aneka Pop ice,Ampenan,Ampenan Selatan,,,,,,Kuliner,tidak,1-3 tahun,1-5 orang,kurang dari 25 juta,Nurudin,21-30 tahun,SMA/MA/SMK,087802411612,4,3,1,3,1,3,1,1,1,1,1,1,1,1,1,1,1,1,3,4,2,4,4,4,2,4,4,4,Sopi,
8/12/2026 0:04:39,opianik21@gmail.com,Aneka minuman marimas,Ampenan,Ampenan Selatan,,,,,,Kuliner,tidak,1-3 tahun,1-5 orang,kurang dari 25 juta, Nisa,31-40 tahun,SMA/MA/SMK,085338878208,4,4,1,3,1,1,1,1,1,1,1,1,1,1,2,1,1,1,3,5,2,4,4,5,2,4,4,4,Sopi,
8/12/2026 0:15:30,opianik21@gmail.com,Aneka Bakaran,Sandubaya,,,,Turida,,,Kuliner,tidak,1-3 tahun,1-5 orang,kurang dari 25 juta,Mas Gani,31-40 tahun,SMA/MA/SMK,081353669281,5,3,1,3,1,3,1,1,1,2,1,1,1,1,1,1,1,1,3,4,3,3,4,4,2,4,4,4,Sopi,
8/12/2026 0:19:19,opianik21@gmail.com,Aksesoris,Sandubaya,,,,Turida,,,Fashion,ya,1-3 tahun,1-5 orang,kurang dari 25 juta,Alany,21-30 tahun,SMA/MA/SMK,081936771209,5,5,2,4,1,4,4,1,1,5,3,3,3,1,4,5,4,4,4,4,4,2,2,4,4,2,4,4,Sopi,
8/12/2026 1:56:17,opianik21@gmail.com,Warung Nasi campur,Sandubaya,,,,Bertais,,,Kuliner,tidak,1-3 tahun,1-5 orang,kurang dari 25 juta,Ibu Hanna,31-40 tahun,SD/MI,087865201265,5,3,1,2,1,3,1,1,1,2,1,1,1,1,1,1,1,1,3,4,2,3,4,4,2,4,4,4,Sopi,
8/12/2026 2:00:49,opianik21@gmail.com,BBM Industri & Marine,Sandubaya,,,,Bertais,,,Jasa,ya,1-3 tahun,1-5 orang,kurang dari 160 juta,Putra,31-40 tahun,Sarjana,0370637332,5,5,3,4,1,4,3,3,1,3,3,3,4,3,3,1,4,4,4,5,4,2,2,4,4,2,4,4,Sopi,
8/12/2026 2:09:21,opianik21@gmail.com,Home Decor,Sandubaya,,,,Bertais,,,Jasa,ya,4-6 tahun,6-10 orang,kurang dari 25 juta,Kaela,21-30 tahun,Sarjana,0811390340,5,4,3,4,1,4,3,1,1,3,3,3,3,1,3,2,3,3,4,4,4,2,2,4,4,2,4,4,Sopi,
8/12/2026 2:15:55,opianik21@gmail.com,BIG ADVERTISING PLAKAT,Sandubaya,,,,Bertais,,,Jasa,ya,4-6 tahun,1-5 orang,kurang dari 25 juta,Gery,21-30 tahun,Sarjana,085337589177,5,4,3,4,1,4,1,1,1,4,2,3,3,1,3,2,3,3,4,4,3,3,2,4,3,2,4,4,Sopi,
8/12/2026 2:21:37,opianik21@gmail.com,Istana sport,Sandubaya,,,,Bertais,,,Fashion,ya,1-3 tahun,1-5 orang,kurang dari 25 juta,Anggara,31-40 tahun,Sarjana,081916483044,5,4,3,4,1,4,3,3,1,4,3,3,3,3,4,3,3,3,4,4,4,3,2,4,5,2,4,4,Sopi,
8/12/2026 2:26:27,opianik21@gmail.com,Ricky Smartphone,Sandubaya,,,,Bertais,,,Perdagangan,ya,1-3 tahun,1-5 orang,kurang dari 25 juta,Ricky,21-30 tahun,SMA/MA/SMK,0817422334,5,4,2,3,1,3,1,1,1,3,3,3,3,1,1,2,3,3,4,4,4,3,4,4,3,3,4,4,Sopi,
8/12/2026 2:35:08,opianik21@gmail.com,Barbershop Maxs,Sandubaya,,,,Bertais,,,Fashion,ya,4-6 tahun,1-5 orang,kurang dari 25 juta,Maxim,31-40 tahun,SMA/MA/SMK,0370627990,5,4,2,3,1,3,3,1,1,1,3,3,4,2,3,3,3,3,4,4,3,4,4,4,4,3,4,4,Sopi,
8/12/2026 7:23:38,opianik21@gmail.com,Beauty Salon,Cakranegara,,,Mayura,,,,"Fashion, Jasa",tidak,1-3 tahun,1-5 orang,kurang dari 25 juta,Mba Deli,31-40 tahun,Sarjana,087892282553,5,4,3,4,1,4,1,1,1,3,1,1,1,1,1,1,1,1,4,4,4,2,2,4,4,2,4,4,Sopi,
8/12/2026 7:27:12,opianik21@gmail.com,Kursus mengemudi,Cakranegara,,,Mayura,,,,Jasa,tidak,4-6 tahun,6-10 orang,kurang dari 160 juta,Dian,31-40 tahun,Pascasarjana,0818363289,5,4,3,4,1,4,1,1,1,1,1,1,1,1,1,1,1,1,4,4,4,2,2,4,4,2,4,4,Sopi,
8/12/2026 7:30:14,opianik21@gmail.com,Laundry,Cakranegara,,,Mayura,,,,Jasa,tidak,1-3 tahun,1-5 orang,kurang dari 25 juta,Ibu Sisi,31-40 tahun,SMA/MA/SMK,087769068910,1,1,1,2,2,2,2,2,2,2,2,2,2,2,2,2,2,2,2,2,2,2,2,2,2,2,2,2,Sopi,
8/12/2026 8:03:09,sopiopi069@gmail.com,Kedai Echo',Cakranegara,,,Mayura,,,,Kuliner,tidak,1-3 tahun,1-5 orang,kurang dari 25 juta,Buk wendah,31-40 tahun,SD/MI,083155378897,5,3,1,2,1,2,1,1,1,1,1,1,1,1,1,1,1,1,2,4,2,4,4,4,2,4,4,4,Sopi,
8/12/2026 8:09:28,sopiopi069@gmail.com,Beras Bulu,Cakranegara,,,Mayura,,,,Kuliner,tidak,1-3 tahun,1-5 orang,kurang dari 25 juta,Pak judin,31-40 tahun,SD/MI,087864080003,5,4,1,3,1,3,1,1,1,2,1,1,1,1,1,1,1,1,3,4,2,4,4,4,2,4,4,4,Sopi,
8/12/2026 8:16:35,sopiopi069@gmail.com,Sinar Jaya,Cakranegara,,,Mayura,,,,Perdagangan,tidak,4-6 tahun,1-5 orang,kurang dari 25 juta,Pak Rangga,31-40 tahun,SMA/MA/SMK,082147940589,5,4,1,3,1,3,1,1,1,1,1,1,1,1,1,1,1,1,3,4,3,3,4,4,3,4,4,4,Sopi,
8/12/2026 8:20:10,sopiopi069@gmail.com,Telur congkel,Cakranegara,,,Mayura,,,,Kuliner,tidak,1-3 tahun,1-5 orang,kurang dari 25 juta,Pak Hasan,41-50 tahun,Tidak pernah sekolah,085961557256,5,3,1,2,1,2,1,1,1,1,1,1,1,1,1,1,1,1,3,4,2,4,4,4,2,4,4,4,Sopi,
8/12/2026 8:23:37,sopiopi069@gmail.com,Cilok Kuah,Cakranegara,,,Mayura,,,,Kuliner,tidak,1-3 tahun,1-5 orang,kurang dari 25 juta,Pak Anton,41-50 tahun,Tidak pernah sekolah,083122456453,4,2,1,2,1,2,1,1,1,1,1,1,1,1,1,1,1,1,3,1,2,1,4,1,2,4,4,4,Sopi,
8/12/2026 8:42:39,opianik21@gmail.com,Yusu Crepes,Cakranegara,,,Mayura,,,,Kuliner,tidak,1-3 tahun,1-5 orang,kurang dari 25 juta,Yazid,31-40 tahun,SMA/MA/SMK,087961235467,1,1,1,1,1,1,1,1,2,3,2,2,2,2,2,3,2,2,2,2,2,2,2,2,2,3,3,2,Sopiani ,
8/12/2026 9:00:56,sopiopi069@gmail.com,Warung Capucino,Cakranegara,,,Mayura,,,,Kuliner,tidak,1-3 tahun,1-5 orang,kurang dari 25 juta,Buk winda,31-40 tahun,SD/MI,087861816248,5,3,1,3,1,3,1,1,1,1,1,1,1,1,1,1,1,1,3,4,3,4,4,4,3,4,4,4,Sopi,
8/12/2026 9:05:34,sopiopi069@gmail.com,Nasi campur & Aneka gorengan,Cakranegara,,,Mayura,,,,Kuliner,tidak,1-3 tahun,1-5 orang,kurang dari 25 juta,Ibu Dian,31-40 tahun,SMA/MA/SMK,083122346754,1,1,1,1,1,1,1,1,1,2,2,2,2,2,2,2,3,3,4,4,4,3,3,3,4,4,3,4,Sopi,
8/12/2026 9:08:01,sopiopi069@gmail.com,Jus buah,Cakranegara,,,Mayura,,,,Kuliner,tidak,4-6 tahun,1-5 orang,kurang dari 25 juta,Ibu sari,41-50 tahun,SD/MI,091654273567,1,1,1,1,1,1,1,2,2,2,2,2,2,3,2,3,3,3,3,2,3,3,3,2,2,2,4,4,Sopiani ,
8/12/2026 9:10:12,opianik21@gmail.com,Warung copucino,Cakranegara,,,Mayura,,,,Kuliner,tidak,1-3 tahun,1-5 orang,kurang dari 25 juta,Buk Winda,31-40 tahun,SMP/MTs,087861816248,1,1,1,1,2,2,2,2,2,2,2,2,2,2,3,2,3,4,4,5,4,4,4,4,4,4,4,4,Sopi,
8/12/2026 9:13:10,opianik21@gmail.com,Jus buah vitamin ,Cakranegara,,,Mayura,,,,Kuliner,tidak,1-3 tahun,1-5 orang,160 juta - 1.25 miliar,Ibu hasna,31-40 tahun,SD/MI,087759208492,3,3,2,3,3,3,3,2,2,3,3,2,2,4,4,2,3,3,3,3,3,3,4,3,4,3,3,4,Sopiani ,
8/12/2026 9:15:01,opianik21@gmail.com,Kebab burger,Cakranegara,,,Mayura,,,,Kuliner,tidak,1-3 tahun,1-5 orang,kurang dari 25 juta,Ibu tina,31-40 tahun,SD/MI,087987654235,3,3,1,3,3,2,4,3,2,2,3,2,3,1,3,2,3,3,3,3,4,3,3,2,4,4,5,5,Sopiani ,
8/12/2026 9:18:27,opianik21@gmail.com,Kopi tumbuk manis ,Cakranegara,,,Mayura,,,,Kuliner,tidak,1-3 tahun,1-5 orang,kurang dari 25 juta,Ibu nik,41-50 tahun,SD/MI,087851791410,3,2,2,2,2,2,2,2,2,2,2,2,2,3,4,4,4,4,4,4,4,4,3,4,4,4,4,4,Sopiani ,
8/12/2026 9:21:29,opianik21@gmail.com,Cayapata jus,Cakranegara,,,Mayura,,,,Kuliner,tidak,1-3 tahun,1-5 orang,kurang dari 25 juta,Ibu diah ,41-50 tahun,SD/MI,087865732733,3,3,3,3,3,3,3,3,3,4,4,4,3,3,3,4,1,1,4,4,3,4,3,3,4,4,3,4,Sopiani ,
8/12/2026 9:24:56,opianik21@gmail.com,Risoles,Cakranegara,,,Mayura,,,,Kuliner,tidak,1-3 tahun,1-5 orang,kurang dari 25 juta,Mbak lilik,31-40 tahun,Sarjana,081237397507,3,3,2,2,2,2,2,3,2,3,3,2,3,2,3,4,1,1,3,4,4,3,3,2,3,2,3,3,Sopiani ,